cmd_vx,t,foot,step_length,x,y
0.3,4.04,left,0.061325386878757694,-0.050272633679788646,0.1325722749030403
0.3,4.26,right,0.07193457238775533,0.026898027618910938,-0.12930194773835235
0.3,4.6000000000000005,left,0.08386823287988102,0.1121992686453909,0.10977279291881688
0.3,4.84,right,0.0823996539803416,0.19646910569904513,-0.15202949295220475
0.3,5.14,left,0.06172298419891728,0.25625970202682585,0.09516214776836668
0.3,5.38,right,0.08488930645224028,0.3406240094685136,-0.17019934978481277
0.3,5.7,left,0.07282476403613548,0.41883879195321344,0.07265916236837595
0.3,5.94,right,0.08754656454254742,0.5000219071552345,-0.19323436363787264
0.3,6.26,left,0.07906435500433968,0.5888697487693215,0.04738150776506464
0.3,6.5,right,0.0877314392768809,0.6659099059474138,-0.21512956080697015
0.3,6.84,left,0.08187148431136451,0.7707200257276949,0.023717607573406574
0.3,7.08,right,0.09611927731290484,0.8476676902948798,-0.24178412293457607
0.3,7.4,left,0.07648812905671168,0.9441418953965063,-0.0015069610787211223
0.3,7.640000000000001,right,0.09248551695294216,1.0139623894959906,-0.26925261139501744
0.3,7.98,left,0.07997701678976418,1.121644802618676,-0.03364484187348331
0.3,8.22,right,0.09800930430494509,1.1901779010820752,-0.3034110209641099
0.3,8.540000000000001,left,0.08326588759775949,1.2994776331694398,-0.06830308028906783
0.3,8.78,right,0.08985512602244489,1.357084617197679,-0.3372420161591521
0.3,9.120000000000001,left,0.07948327071668154,1.4728622206242834,-0.10455745215910978
0.3,9.36,right,0.09856083100369839,1.532784541394325,-0.3760924174292453
0.3,9.68,left,0.08039966175937563,1.6474773788161046,-0.1444121826486722
0.3,9.92,right,0.09258845266712493,1.6990269648484344,-0.41460387402160215
0.3,10.26,left,0.07565466411807074,1.8231300360543374,-0.1874777006976573
0.3,10.5,right,0.0975875181934672,1.871639468781323,-0.4607875104224971
0.3,10.84,left,0.07828302594250022,1.9991438436840336,-0.23569036752749023
0.3,11.08,right,0.09909264173457641,2.0416715665409146,-0.5129528288336613
0.3,11.4,left,0.07786162755554482,2.168826170027595,-0.28883520804359425
0.3,11.64,right,0.09445115299962667,2.2042459739677205,-0.5617135754063287
0.3,11.98,left,0.07705394172489838,2.344105041185557,-0.3438825550756324
0.6,4.08,right,0.17452871246942425,0.41724520169904317,-0.12932403674071388
0.6,4.5200000000000005,left,0.14476690295755698,0.5664250129630003,0.08408204999487287
0.6,4.78,right,0.22847715938710916,0.7930266562525028,-0.15409060046015158
0.6,5.1000000000000005,left,0.16505883913874372,0.9552980811522985,0.09824431199441329
0.6,5.42,right,0.1845124047279132,1.1429753967985823,-0.15244619893128092
0.6,5.86,left,0.15839939291081195,1.3074022604861386,0.05555658482154422
0.6,6.12,right,0.23986898866184284,1.5449528732937425,-0.18184033446262154
0.6,6.44,left,0.16108824078789588,1.703712459377197,0.075670144623102
0.6,6.76,right,0.1815574117708105,1.8848774253833964,-0.18348021533693046
0.6,7.18,left,0.1772444106818478,2.0697071065398127,0.0227763110081748
0.6,7.44,right,0.2304112306322796,2.294973119210022,-0.22198019423218737
0.6,7.78,left,0.1558226567945779,2.4537306337935303,0.02180312874920905
0.6,8.1,right,0.1947664692118328,2.646364140698773,-0.23627711000247614
0.6,8.48,left,0.18164313467444812,2.8334179808663906,-0.023246816701346505
0.6,8.76,right,0.22024077256651675,3.0506200543005644,-0.2731342241814184
0.6,9.120000000000001,left,0.1490882657734691,3.2056974939342395,-0.03938696563808247
0.6,9.44,right,0.21561203458890232,3.417504291125471,-0.29846195544212706
0.6,9.8,left,0.17584626549660354,3.6004138250274327,-0.07750083865591685
0.6,10.1,right,0.213179135551627,3.8089214935601223,-0.32740014122830874
0.6,10.5,left,0.15362313266865416,3.972111647184861,-0.10603052771334226
0.6,10.78,right,0.2292850236252124,4.191440743779182,-0.3519694417730161
0.6,11.120000000000001,left,0.1824308291216446,4.383501460333232,-0.11310318296490056
0.6,11.42,right,0.18951180230525486,4.564078155082828,-0.36901502142320175
0.6,11.86,left,0.14192624684104016,4.7208291621050815,-0.15881308498214305
0.9,4.12,right,0.24860487918665056,0.723233647844904,-0.17697327410817146
0.9,4.48,left,0.19831527868192467,0.9182949612773915,0.05309921439822155
0.9,4.78,right,0.2715388196710409,1.1983613795983057,-0.18454761249955756
0.9,5.14,left,0.2632523349955034,1.4527805518606984,0.045341441184385274
0.9,5.44,right,0.27519621613937356,1.73568853647669,-0.18454570583851815
0.9,5.82,left,0.20832698188023208,1.9391966827544072,0.04032285920365858
0.9,6.12,right,0.2902242508966323,2.242172860240331,-0.1780807097333203
0.9,6.46,left,0.23829383569921617,2.4628364440890773,0.07104424636894327
0.9,6.78,right,0.2617216417634578,2.743453319801451,-0.14687772810056307
0.9,7.16,left,0.2333336407797669,2.962506861170821,0.08702580852929792
0.9,7.44,right,0.27058910380859313,3.2487016837181537,-0.12698513582737284
0.9,7.8,left,0.2344135938486003,3.46443674006456,0.12275387359283502
0.9,8.120000000000001,right,0.2734228935599302,3.7660897709520023,-0.0856099205366659
0.9,8.5,left,0.22119443108889547,3.9613867403836744,0.157284993851111
0.9,8.78,right,0.27354804839703933,4.259107854686331,-0.041023075205740264
0.9,9.14,left,0.2511415381225619,4.480701313476524,0.21775814511736408
0.9,9.44,right,0.26289111336481175,4.775741498257857,0.01995992829878723
0.9,9.82,left,0.22524648227055638,4.97526139669503,0.27169035867026764
0.9,10.120000000000001,right,0.2761294874389559,5.2898439299199325,0.08490269892065065
0.9,10.48,left,0.2367246193171235,5.482264293568777,0.3527572277449814
0.9,10.78,right,0.2634362445681539,5.782667009740526,0.1684942911762389
0.9,11.16,left,0.22885156112590072,5.971889847163176,0.4343422252235775
0.9,11.46,right,0.2705937834098103,6.286732111886001,0.2588945734674832
0.9,11.82,left,0.24943997761070036,6.477757605755218,0.5306101198696501
