mode,command_mps,start_y_cm,outcome,sim_time_s,switch_time_s,segment_mean_vx_mps,segment_vx_std_mps,segment_pelvis_z_std_cm,segment_max_abs_y_cm,video
dwaq,0.3,-10,goal,63.44,,0.234,0.094,0.923,12.74,
dwaq,0.3,0,goal,43.36,,0.237,0.109,1.061,12.52,
dwaq,0.3,10,goal,51.6,,0.231,0.112,1.244,9.93,
dwaq-fast,0.6,-10,goal,51.86,43.34,0.582,0.056,0.481,9.05,
dwaq-fast,0.6,0,goal,31.62,23.4,0.581,0.054,0.469,9.11,
dwaq-fast,0.6,10,goal,39.24,30.74,0.582,0.055,0.475,10.17,
hybrid,0.6,-10,goal,52.88,43.34,0.556,0.024,0.237,2.42,
hybrid,0.6,0,goal,32.78,23.4,0.555,0.024,0.238,5.05,
hybrid,0.6,10,goal,40.36,30.74,0.556,0.024,0.238,2.72,
dwaq-fast,0.8,-10,goal,50.16,43.34,0.723,0.065,0.404,11.2,
dwaq-fast,0.8,0,goal,30.06,23.4,0.713,0.059,0.384,9.2,dwaq-fast_cmd80cmps_center_rise15cm_tread31cm_width160cm.mp4
dwaq-fast,0.8,10,goal,37.76,30.74,0.716,0.066,0.408,20.98,
hybrid,0.8,-10,goal,50.86,43.34,0.734,0.031,0.326,4.53,
hybrid,0.8,0,goal,30.9,23.4,0.735,0.032,0.322,6.41,hybrid_cmd80cmps_center_rise15cm_tread31cm_width160cm.mp4
hybrid,0.8,10,goal,38.36,30.74,0.734,0.032,0.323,3.84,
