run,course,stair_speed_mps,stall_recovery,align_before_stairs,start_offset_cm,start_yaw_deg,loc_sigma_cm,loc_yaw_sigma_deg,loc_rate_hz,loc_latency_ms,loc_bias_cm,loc_fusion,seed,outcome,detail,sim_time_s,route_completion,recoveries,mean_abs_cross_track_cm,max_abs_cross_track_cm,video
diag_down_v30_rec_align_y+0cm_yaw+0_ideal,diag_down,0.3,True,True,0.0,0.0,0.0,0.0,50.0,0.0,0.0,False,0,goal,stopped 1 cm from the goal,18.4,1.0,0,7.7,16.27,
diag_down_v30_rec_align_y+0cm_yaw+5_ideal,diag_down,0.3,True,True,0.0,5.0,0.0,0.0,50.0,0.0,0.0,False,0,goal,stopped 3 cm from the goal,20.96,1.0,0,9.61,24.98,
diag_down_v30_rec_align_y+0cm_yaw-5_ideal,diag_down,0.3,True,True,0.0,-5.0,0.0,0.0,50.0,0.0,0.0,False,0,path_exit,"segment 1 (stairs_down), follow",11.18,0.561,0,8.14,60.45,
diag_down_v30_rec_align_y+10cm_yaw+0_ideal,diag_down,0.3,True,True,10.0,0.0,0.0,0.0,50.0,0.0,0.0,False,0,goal,stopped 7 cm from the goal,19.46,1.0,0,9.3,26.73,
diag_down_v30_rec_align_y+10cm_yaw+5_ideal,diag_down,0.3,True,True,10.0,5.0,0.0,0.0,50.0,0.0,0.0,False,0,path_exit,"segment 1 (stairs_down), follow",12.02,0.6899,0,14.0,60.59,
diag_down_v30_rec_align_y+10cm_yaw-5_ideal,diag_down,0.3,True,True,10.0,-5.0,0.0,0.0,50.0,0.0,0.0,False,0,goal,stopped 10 cm from the goal,16.9,1.0,0,11.13,23.19,
diag_down_v30_rec_align_y-10cm_yaw+0_ideal,diag_down,0.3,True,True,-10.0,0.0,0.0,0.0,50.0,0.0,0.0,False,0,goal,stopped 7 cm from the goal,19.64,1.0,0,8.96,34.3,
diag_down_v30_rec_align_y-10cm_yaw+5_ideal,diag_down,0.3,True,True,-10.0,5.0,0.0,0.0,50.0,0.0,0.0,False,0,goal,stopped 14 cm from the goal,20.84,1.0,0,10.64,24.8,
diag_down_v30_rec_align_y-10cm_yaw-5_ideal,diag_down,0.3,True,True,-10.0,-5.0,0.0,0.0,50.0,0.0,0.0,False,0,goal,stopped 4 cm from the goal,16.88,1.0,0,8.76,28.35,
diag_down_v30_rec_y+0cm_yaw+0_ideal,diag_down,0.3,True,False,0.0,0.0,0.0,0.0,50.0,0.0,0.0,False,0,path_exit,"segment 1 (stairs_down), follow",11.74,0.4766,0,11.67,60.17,
diag_down_v30_rec_y+0cm_yaw+5_ideal,diag_down,0.3,True,False,0.0,5.0,0.0,0.0,50.0,0.0,0.0,False,0,goal,,20.02,1.0,0,6.75,16.26,
diag_down_v30_rec_y+0cm_yaw-5_ideal,diag_down,0.3,True,False,0.0,-5.0,0.0,0.0,50.0,0.0,0.0,False,0,path_exit,"segment 1 (stairs_down), follow",11.18,0.561,0,8.14,60.45,
diag_down_v30_rec_y+10cm_yaw+0_ideal,diag_down,0.3,True,False,10.0,0.0,0.0,0.0,50.0,0.0,0.0,False,0,goal,,16.58,1.0,0,17.62,46.72,
diag_down_v30_rec_y+10cm_yaw+5_ideal,diag_down,0.3,True,False,10.0,5.0,0.0,0.0,50.0,0.0,0.0,False,0,goal,,23.22,1.0,0,13.47,41.63,
diag_down_v30_rec_y+10cm_yaw-5_ideal,diag_down,0.3,True,False,10.0,-5.0,0.0,0.0,50.0,0.0,0.0,False,0,goal,,16.56,1.0,0,9.05,24.42,
diag_down_v30_rec_y-10cm_yaw+0_ideal,diag_down,0.3,True,False,-10.0,0.0,0.0,0.0,50.0,0.0,0.0,False,0,goal,,18.28,1.0,0,6.53,13.98,
diag_down_v30_rec_y-10cm_yaw+5_ideal,diag_down,0.3,True,False,-10.0,5.0,0.0,0.0,50.0,0.0,0.0,False,0,goal,,18.16,1.0,0,10.1,40.27,
diag_down_v30_rec_y-10cm_yaw-5_ideal,diag_down,0.3,True,False,-10.0,-5.0,0.0,0.0,50.0,0.0,0.0,False,0,goal,,21.02,1.0,0,7.82,18.59,
diag_down_v30_y+0cm_yaw+0_ideal,diag_down,0.3,False,False,0.0,0.0,0.0,0.0,50.0,0.0,0.0,False,0,path_exit,"segment 1 (stairs_down), follow",11.74,0.4766,0,11.67,60.17,diag_down_v30_y+0cm_yaw+0_ideal.mp4
diag_down_v30_y+0cm_yaw+5_ideal,diag_down,0.3,False,False,0.0,5.0,0.0,0.0,50.0,0.0,0.0,False,0,goal,,20.02,1.0,0,6.75,16.26,
diag_down_v30_y+0cm_yaw-5_ideal,diag_down,0.3,False,False,0.0,-5.0,0.0,0.0,50.0,0.0,0.0,False,0,path_exit,"segment 1 (stairs_down), follow",11.18,0.561,0,8.14,60.45,
diag_down_v30_y+10cm_yaw+0_ideal,diag_down,0.3,False,False,10.0,0.0,0.0,0.0,50.0,0.0,0.0,False,0,goal,,16.58,1.0,0,17.62,46.72,
diag_down_v30_y+10cm_yaw+5_ideal,diag_down,0.3,False,False,10.0,5.0,0.0,0.0,50.0,0.0,0.0,False,0,goal,,23.22,1.0,0,13.47,41.63,
diag_down_v30_y+10cm_yaw-5_ideal,diag_down,0.3,False,False,10.0,-5.0,0.0,0.0,50.0,0.0,0.0,False,0,goal,,16.56,1.0,0,9.05,24.42,
diag_down_v30_y-10cm_yaw+0_ideal,diag_down,0.3,False,False,-10.0,0.0,0.0,0.0,50.0,0.0,0.0,False,0,goal,,18.28,1.0,0,6.53,13.98,
diag_down_v30_y-10cm_yaw+5_ideal,diag_down,0.3,False,False,-10.0,5.0,0.0,0.0,50.0,0.0,0.0,False,0,goal,,18.16,1.0,0,10.1,40.27,
diag_down_v30_y-10cm_yaw-5_ideal,diag_down,0.3,False,False,-10.0,-5.0,0.0,0.0,50.0,0.0,0.0,False,0,goal,,21.02,1.0,0,7.82,18.59,
diag_uturn_v30_rec_align_y+0cm_yaw+0_ideal,diag_uturn,0.3,True,True,0.0,0.0,0.0,0.0,50.0,0.0,0.0,False,0,goal,stopped 4 cm from the goal,16.52,1.0,0,5.02,12.43,
diag_uturn_v30_rec_align_y+0cm_yaw+5_ideal,diag_uturn,0.3,True,True,0.0,5.0,0.0,0.0,50.0,0.0,0.0,False,0,goal,stopped 3 cm from the goal,16.5,1.0,0,5.42,14.3,
diag_uturn_v30_rec_align_y+0cm_yaw-5_ideal,diag_uturn,0.3,True,True,0.0,-5.0,0.0,0.0,50.0,0.0,0.0,False,0,goal,stopped 4 cm from the goal,16.52,1.0,0,4.33,10.92,
diag_uturn_v30_rec_align_y+10cm_yaw+0_ideal,diag_uturn,0.3,True,True,10.0,0.0,0.0,0.0,50.0,0.0,0.0,False,0,goal,stopped 3 cm from the goal,16.5,1.0,0,7.03,17.63,
diag_uturn_v30_rec_align_y+10cm_yaw+5_ideal,diag_uturn,0.3,True,True,10.0,5.0,0.0,0.0,50.0,0.0,0.0,False,0,goal,stopped 8 cm from the goal,17.32,1.0,0,9.13,19.54,
diag_uturn_v30_rec_align_y+10cm_yaw-5_ideal,diag_uturn,0.3,True,True,10.0,-5.0,0.0,0.0,50.0,0.0,0.0,False,0,goal,stopped 4 cm from the goal,16.52,1.0,0,6.04,15.7,
diag_uturn_v30_rec_align_y-10cm_yaw+0_ideal,diag_uturn,0.3,True,True,-10.0,0.0,0.0,0.0,50.0,0.0,0.0,False,0,goal,stopped 4 cm from the goal,16.52,1.0,0,4.88,11.5,
diag_uturn_v30_rec_align_y-10cm_yaw+5_ideal,diag_uturn,0.3,True,True,-10.0,5.0,0.0,0.0,50.0,0.0,0.0,False,0,goal,stopped 4 cm from the goal,16.52,1.0,0,5.6,12.82,
diag_uturn_v30_rec_align_y-10cm_yaw-5_ideal,diag_uturn,0.3,True,True,-10.0,-5.0,0.0,0.0,50.0,0.0,0.0,False,0,goal,stopped 5 cm from the goal,16.52,1.0,0,4.85,11.74,
diag_uturn_v30_rec_y+0cm_yaw+0_ideal,diag_uturn,0.3,True,False,0.0,0.0,0.0,0.0,50.0,0.0,0.0,False,0,goal,,16.52,1.0,0,5.02,12.43,
diag_uturn_v30_rec_y+0cm_yaw+5_ideal,diag_uturn,0.3,True,False,0.0,5.0,0.0,0.0,50.0,0.0,0.0,False,0,goal,,16.5,1.0,0,5.42,14.3,
diag_uturn_v30_rec_y+0cm_yaw-5_ideal,diag_uturn,0.3,True,False,0.0,-5.0,0.0,0.0,50.0,0.0,0.0,False,0,goal,,16.52,1.0,0,4.33,10.92,
diag_uturn_v30_rec_y+10cm_yaw+0_ideal,diag_uturn,0.3,True,False,10.0,0.0,0.0,0.0,50.0,0.0,0.0,False,0,goal,,16.5,1.0,0,7.03,17.63,
diag_uturn_v30_rec_y+10cm_yaw+5_ideal,diag_uturn,0.3,True,False,10.0,5.0,0.0,0.0,50.0,0.0,0.0,False,0,goal,,17.32,1.0,0,9.13,19.54,
diag_uturn_v30_rec_y+10cm_yaw-5_ideal,diag_uturn,0.3,True,False,10.0,-5.0,0.0,0.0,50.0,0.0,0.0,False,0,goal,,16.52,1.0,0,6.04,15.7,
diag_uturn_v30_rec_y-10cm_yaw+0_ideal,diag_uturn,0.3,True,False,-10.0,0.0,0.0,0.0,50.0,0.0,0.0,False,0,goal,,16.52,1.0,0,4.88,11.5,
diag_uturn_v30_rec_y-10cm_yaw+5_ideal,diag_uturn,0.3,True,False,-10.0,5.0,0.0,0.0,50.0,0.0,0.0,False,0,goal,,16.52,1.0,0,5.6,12.82,
diag_uturn_v30_rec_y-10cm_yaw-5_ideal,diag_uturn,0.3,True,False,-10.0,-5.0,0.0,0.0,50.0,0.0,0.0,False,0,goal,,16.52,1.0,0,4.85,11.74,
diag_uturn_v30_y+0cm_yaw+0_ideal,diag_uturn,0.3,False,False,0.0,0.0,0.0,0.0,50.0,0.0,0.0,False,0,goal,,16.52,1.0,0,5.02,12.43,
diag_uturn_v30_y+0cm_yaw+5_ideal,diag_uturn,0.3,False,False,0.0,5.0,0.0,0.0,50.0,0.0,0.0,False,0,goal,,16.5,1.0,0,5.42,14.3,
diag_uturn_v30_y+0cm_yaw-5_ideal,diag_uturn,0.3,False,False,0.0,-5.0,0.0,0.0,50.0,0.0,0.0,False,0,goal,,16.52,1.0,0,4.33,10.92,
diag_uturn_v30_y+10cm_yaw+0_ideal,diag_uturn,0.3,False,False,10.0,0.0,0.0,0.0,50.0,0.0,0.0,False,0,goal,,16.5,1.0,0,7.03,17.63,
diag_uturn_v30_y+10cm_yaw+5_ideal,diag_uturn,0.3,False,False,10.0,5.0,0.0,0.0,50.0,0.0,0.0,False,0,goal,,17.32,1.0,0,9.13,19.54,
diag_uturn_v30_y+10cm_yaw-5_ideal,diag_uturn,0.3,False,False,10.0,-5.0,0.0,0.0,50.0,0.0,0.0,False,0,goal,,16.52,1.0,0,6.04,15.7,
diag_uturn_v30_y-10cm_yaw+0_ideal,diag_uturn,0.3,False,False,-10.0,0.0,0.0,0.0,50.0,0.0,0.0,False,0,goal,,16.52,1.0,0,4.88,11.5,
diag_uturn_v30_y-10cm_yaw+5_ideal,diag_uturn,0.3,False,False,-10.0,5.0,0.0,0.0,50.0,0.0,0.0,False,0,goal,,16.52,1.0,0,5.6,12.82,
diag_uturn_v30_y-10cm_yaw-5_ideal,diag_uturn,0.3,False,False,-10.0,-5.0,0.0,0.0,50.0,0.0,0.0,False,0,goal,,16.52,1.0,0,4.85,11.74,
l1_corner_v30_rec_align_y+0cm_yaw+0_ideal,l1_corner,0.3,True,True,0.0,0.0,0.0,0.0,50.0,0.0,0.0,False,0,goal,stopped 6 cm from the goal,14.92,1.0,0,5.4,12.43,
l1_corner_v30_rec_align_y+0cm_yaw+5_ideal,l1_corner,0.3,True,True,0.0,5.0,0.0,0.0,50.0,0.0,0.0,False,0,goal,stopped 6 cm from the goal,14.9,1.0,0,6.0,14.3,
l1_corner_v30_rec_align_y+0cm_yaw-5_ideal,l1_corner,0.3,True,True,0.0,-5.0,0.0,0.0,50.0,0.0,0.0,False,0,goal,stopped 7 cm from the goal,14.82,1.0,0,9.01,16.91,
l1_corner_v30_rec_align_y+10cm_yaw+0_ideal,l1_corner,0.3,True,True,10.0,0.0,0.0,0.0,50.0,0.0,0.0,False,0,goal,stopped 6 cm from the goal,14.88,1.0,0,6.94,17.63,
l1_corner_v30_rec_align_y+10cm_yaw+5_ideal,l1_corner,0.3,True,True,10.0,5.0,0.0,0.0,50.0,0.0,0.0,False,0,goal,stopped 7 cm from the goal,15.44,1.0,0,8.28,19.54,
l1_corner_v30_rec_align_y+10cm_yaw-5_ideal,l1_corner,0.3,True,True,10.0,-5.0,0.0,0.0,50.0,0.0,0.0,False,0,goal,stopped 7 cm from the goal,14.82,1.0,0,9.98,15.7,
l1_corner_v30_rec_align_y-10cm_yaw+0_ideal,l1_corner,0.3,True,True,-10.0,0.0,0.0,0.0,50.0,0.0,0.0,False,0,goal,stopped 6 cm from the goal,14.92,1.0,0,6.23,11.5,
l1_corner_v30_rec_align_y-10cm_yaw+5_ideal,l1_corner,0.3,True,True,-10.0,5.0,0.0,0.0,50.0,0.0,0.0,False,0,goal,stopped 7 cm from the goal,14.9,1.0,0,6.31,12.82,
l1_corner_v30_rec_align_y-10cm_yaw-5_ideal,l1_corner,0.3,True,True,-10.0,-5.0,0.0,0.0,50.0,0.0,0.0,False,0,goal,stopped 7 cm from the goal,14.84,1.0,0,8.75,14.52,
l1_corner_v30_rec_y+0cm_yaw+0_ideal,l1_corner,0.3,True,False,0.0,0.0,0.0,0.0,50.0,0.0,0.0,False,0,goal,,14.92,1.0,0,5.4,12.43,
l1_corner_v30_rec_y+0cm_yaw+5_ideal,l1_corner,0.3,True,False,0.0,5.0,0.0,0.0,50.0,0.0,0.0,False,0,goal,,14.9,1.0,0,6.0,14.3,
l1_corner_v30_rec_y+0cm_yaw-5_ideal,l1_corner,0.3,True,False,0.0,-5.0,0.0,0.0,50.0,0.0,0.0,False,0,goal,,14.82,1.0,0,9.01,16.91,
l1_corner_v30_rec_y+10cm_yaw+0_ideal,l1_corner,0.3,True,False,10.0,0.0,0.0,0.0,50.0,0.0,0.0,False,0,goal,,14.88,1.0,0,6.94,17.63,
l1_corner_v30_rec_y+10cm_yaw+5_ideal,l1_corner,0.3,True,False,10.0,5.0,0.0,0.0,50.0,0.0,0.0,False,0,goal,,15.44,1.0,0,8.28,19.54,
l1_corner_v30_rec_y+10cm_yaw-5_ideal,l1_corner,0.3,True,False,10.0,-5.0,0.0,0.0,50.0,0.0,0.0,False,0,goal,,14.82,1.0,0,9.98,15.7,
l1_corner_v30_rec_y-10cm_yaw+0_ideal,l1_corner,0.3,True,False,-10.0,0.0,0.0,0.0,50.0,0.0,0.0,False,0,goal,,14.92,1.0,0,6.23,11.5,
l1_corner_v30_rec_y-10cm_yaw+5_ideal,l1_corner,0.3,True,False,-10.0,5.0,0.0,0.0,50.0,0.0,0.0,False,0,goal,,14.9,1.0,0,6.31,12.82,
l1_corner_v30_rec_y-10cm_yaw-5_ideal,l1_corner,0.3,True,False,-10.0,-5.0,0.0,0.0,50.0,0.0,0.0,False,0,goal,,14.84,1.0,0,8.75,14.52,
l1_corner_v30_y+0cm_yaw+0_ideal,l1_corner,0.3,False,False,0.0,0.0,0.0,0.0,50.0,0.0,0.0,False,0,goal,,14.92,1.0,0,5.4,12.43,
l1_corner_v30_y+0cm_yaw+5_ideal,l1_corner,0.3,False,False,0.0,5.0,0.0,0.0,50.0,0.0,0.0,False,0,goal,,14.9,1.0,0,6.0,14.3,
l1_corner_v30_y+0cm_yaw-5_ideal,l1_corner,0.3,False,False,0.0,-5.0,0.0,0.0,50.0,0.0,0.0,False,0,goal,,14.82,1.0,0,9.01,16.91,
l1_corner_v30_y+10cm_yaw+0_ideal,l1_corner,0.3,False,False,10.0,0.0,0.0,0.0,50.0,0.0,0.0,False,0,goal,,14.88,1.0,0,6.94,17.63,
l1_corner_v30_y+10cm_yaw+5_ideal,l1_corner,0.3,False,False,10.0,5.0,0.0,0.0,50.0,0.0,0.0,False,0,goal,,15.44,1.0,0,8.28,19.54,
l1_corner_v30_y+10cm_yaw-5_ideal,l1_corner,0.3,False,False,10.0,-5.0,0.0,0.0,50.0,0.0,0.0,False,0,goal,,14.82,1.0,0,9.98,15.7,
l1_corner_v30_y-10cm_yaw+0_ideal,l1_corner,0.3,False,False,-10.0,0.0,0.0,0.0,50.0,0.0,0.0,False,0,goal,,14.92,1.0,0,6.23,11.5,
l1_corner_v30_y-10cm_yaw+5_ideal,l1_corner,0.3,False,False,-10.0,5.0,0.0,0.0,50.0,0.0,0.0,False,0,goal,,14.9,1.0,0,6.31,12.82,
l1_corner_v30_y-10cm_yaw-5_ideal,l1_corner,0.3,False,False,-10.0,-5.0,0.0,0.0,50.0,0.0,0.0,False,0,goal,,14.84,1.0,0,8.75,14.52,
l2_corner_stairs_v30_rec_align_y+0cm_yaw+0_ideal,l2_corner_stairs,0.3,True,True,0.0,0.0,0.0,0.0,50.0,0.0,0.0,False,0,stuck,"segment 2 (stairs_up), follow",43.56,0.4506,3,11.57,36.84,
l2_corner_stairs_v30_rec_align_y+0cm_yaw+5_ideal,l2_corner_stairs,0.3,True,True,0.0,5.0,0.0,0.0,50.0,0.0,0.0,False,0,goal,stopped 6 cm from the goal,38.52,1.0,0,7.34,22.87,
l2_corner_stairs_v30_rec_align_y+0cm_yaw-5_ideal,l2_corner_stairs,0.3,True,True,0.0,-5.0,0.0,0.0,50.0,0.0,0.0,False,0,path_exit,"segment 2 (stairs_up), follow",27.24,0.3241,1,6.48,60.15,
l2_corner_stairs_v30_rec_align_y+10cm_yaw+0_ideal,l2_corner_stairs,0.3,True,True,10.0,0.0,0.0,0.0,50.0,0.0,0.0,False,0,goal,stopped 6 cm from the goal,40.54,1.0,0,7.29,19.55,
l2_corner_stairs_v30_rec_align_y+10cm_yaw+5_ideal,l2_corner_stairs,0.3,True,True,10.0,5.0,0.0,0.0,50.0,0.0,0.0,False,0,goal,stopped 6 cm from the goal,40.82,1.0,0,7.75,19.54,
l2_corner_stairs_v30_rec_align_y+10cm_yaw-5_ideal,l2_corner_stairs,0.3,True,True,10.0,-5.0,0.0,0.0,50.0,0.0,0.0,False,0,goal,stopped 7 cm from the goal,38.5,1.0,0,6.04,15.7,
l2_corner_stairs_v30_rec_align_y-10cm_yaw+0_ideal,l2_corner_stairs,0.3,True,True,-10.0,0.0,0.0,0.0,50.0,0.0,0.0,False,0,goal,stopped 8 cm from the goal,38.6,1.0,0,6.65,19.63,
l2_corner_stairs_v30_rec_align_y-10cm_yaw+5_ideal,l2_corner_stairs,0.3,True,True,-10.0,5.0,0.0,0.0,50.0,0.0,0.0,False,0,goal,stopped 6 cm from the goal,37.68,1.0,0,5.63,15.15,
l2_corner_stairs_v30_rec_align_y-10cm_yaw-5_ideal,l2_corner_stairs,0.3,True,True,-10.0,-5.0,0.0,0.0,50.0,0.0,0.0,False,0,goal,stopped 4 cm from the goal,36.76,1.0,0,6.34,15.8,
l2_corner_stairs_v30_rec_y+0cm_yaw+0_ideal,l2_corner_stairs,0.3,True,False,0.0,0.0,0.0,0.0,50.0,0.0,0.0,False,0,goal,,38.84,1.0,0,6.0,16.08,
l2_corner_stairs_v30_rec_y+0cm_yaw+5_ideal,l2_corner_stairs,0.3,True,False,0.0,5.0,0.0,0.0,50.0,0.0,0.0,False,0,goal,,38.52,1.0,0,7.34,22.87,
l2_corner_stairs_v30_rec_y+0cm_yaw-5_ideal,l2_corner_stairs,0.3,True,False,0.0,-5.0,0.0,0.0,50.0,0.0,0.0,False,0,goal,,37.98,1.0,0,6.33,15.06,
l2_corner_stairs_v30_rec_y+10cm_yaw+0_ideal,l2_corner_stairs,0.3,True,False,10.0,0.0,0.0,0.0,50.0,0.0,0.0,False,0,goal,,41.2,1.0,0,8.62,25.8,
l2_corner_stairs_v30_rec_y+10cm_yaw+5_ideal,l2_corner_stairs,0.3,True,False,10.0,5.0,0.0,0.0,50.0,0.0,0.0,False,0,path_exit,"segment 2 (stairs_up), follow",28.76,0.439,1,12.91,60.56,
l2_corner_stairs_v30_rec_y+10cm_yaw-5_ideal,l2_corner_stairs,0.3,True,False,10.0,-5.0,0.0,0.0,50.0,0.0,0.0,False,0,goal,,38.5,1.0,0,6.04,15.7,
l2_corner_stairs_v30_rec_y-10cm_yaw+0_ideal,l2_corner_stairs,0.3,True,False,-10.0,0.0,0.0,0.0,50.0,0.0,0.0,False,0,goal,,41.58,1.0,0,6.31,19.8,
l2_corner_stairs_v30_rec_y-10cm_yaw+5_ideal,l2_corner_stairs,0.3,True,False,-10.0,5.0,0.0,0.0,50.0,0.0,0.0,False,0,goal,,41.68,1.0,0,7.2,16.82,
l2_corner_stairs_v30_rec_y-10cm_yaw-5_ideal,l2_corner_stairs,0.3,True,False,-10.0,-5.0,0.0,0.0,50.0,0.0,0.0,False,0,goal,,38.9,1.0,0,6.45,18.43,
l2_corner_stairs_v30_y+0cm_yaw+0_ideal,l2_corner_stairs,0.3,False,False,0.0,0.0,0.0,0.0,50.0,0.0,0.0,False,0,goal,,38.84,1.0,0,6.0,16.08,
l2_corner_stairs_v30_y+0cm_yaw+5_ideal,l2_corner_stairs,0.3,False,False,0.0,5.0,0.0,0.0,50.0,0.0,0.0,False,0,goal,,38.52,1.0,0,7.34,22.87,
l2_corner_stairs_v30_y+0cm_yaw-5_ideal,l2_corner_stairs,0.3,False,False,0.0,-5.0,0.0,0.0,50.0,0.0,0.0,False,0,goal,,37.98,1.0,0,6.33,15.06,
l2_corner_stairs_v30_y+10cm_yaw+0_ideal,l2_corner_stairs,0.3,False,False,10.0,0.0,0.0,0.0,50.0,0.0,0.0,False,0,goal,,41.2,1.0,0,8.62,25.8,
l2_corner_stairs_v30_y+10cm_yaw+5_ideal,l2_corner_stairs,0.3,False,False,10.0,5.0,0.0,0.0,50.0,0.0,0.0,False,0,goal,,48.04,1.0,0,9.57,34.97,
l2_corner_stairs_v30_y+10cm_yaw-5_ideal,l2_corner_stairs,0.3,False,False,10.0,-5.0,0.0,0.0,50.0,0.0,0.0,False,0,goal,,38.5,1.0,0,6.04,15.7,
l2_corner_stairs_v30_y-10cm_yaw+0_ideal,l2_corner_stairs,0.3,False,False,-10.0,0.0,0.0,0.0,50.0,0.0,0.0,False,0,goal,,41.58,1.0,0,6.31,19.8,
l2_corner_stairs_v30_y-10cm_yaw+5_ideal,l2_corner_stairs,0.3,False,False,-10.0,5.0,0.0,0.0,50.0,0.0,0.0,False,0,goal,,41.68,1.0,0,7.2,16.82,
l2_corner_stairs_v30_y-10cm_yaw-5_ideal,l2_corner_stairs,0.3,False,False,-10.0,-5.0,0.0,0.0,50.0,0.0,0.0,False,0,goal,,38.9,1.0,0,6.45,18.43,
l3_switchback_v30_rec_align_y+0cm_yaw+0_ideal,l3_switchback,0.3,True,True,0.0,0.0,0.0,0.0,50.0,0.0,0.0,False,0,goal,stopped 4 cm from the goal,49.5,1.0,0,8.56,31.61,
l3_switchback_v30_rec_align_y+0cm_yaw+5_ideal,l3_switchback,0.3,True,True,0.0,5.0,0.0,0.0,50.0,0.0,0.0,False,0,goal,stopped 7 cm from the goal,57.74,1.0,1,8.24,28.62,
l3_switchback_v30_rec_align_y+0cm_yaw-5_ideal,l3_switchback,0.3,True,True,0.0,-5.0,0.0,0.0,50.0,0.0,0.0,False,0,goal,stopped 5 cm from the goal,45.38,1.0,0,4.18,10.9,
l3_switchback_v30_rec_align_y+10cm_yaw+0_ideal,l3_switchback,0.3,True,True,10.0,0.0,0.0,0.0,50.0,0.0,0.0,False,0,goal,stopped 5 cm from the goal,52.64,1.0,1,11.79,41.81,
l3_switchback_v30_rec_align_y+10cm_yaw+5_ideal,l3_switchback,0.3,True,True,10.0,5.0,0.0,0.0,50.0,0.0,0.0,False,0,goal,stopped 5 cm from the goal,71.88,1.0,3,7.62,22.98,
l3_switchback_v30_rec_align_y+10cm_yaw-5_ideal,l3_switchback,0.3,True,True,10.0,-5.0,0.0,0.0,50.0,0.0,0.0,False,0,goal,stopped 9 cm from the goal,57.88,1.0,1,6.25,17.02,
l3_switchback_v30_rec_align_y-10cm_yaw+0_ideal,l3_switchback,0.3,True,True,-10.0,0.0,0.0,0.0,50.0,0.0,0.0,False,0,goal,stopped 6 cm from the goal,52.54,1.0,1,6.47,14.95,
l3_switchback_v30_rec_align_y-10cm_yaw+5_ideal,l3_switchback,0.3,True,True,-10.0,5.0,0.0,0.0,50.0,0.0,0.0,False,0,goal,stopped 5 cm from the goal,47.02,1.0,0,5.56,19.57,
l3_switchback_v30_rec_align_y-10cm_yaw-5_ideal,l3_switchback,0.3,True,True,-10.0,-5.0,0.0,0.0,50.0,0.0,0.0,False,0,goal,stopped 6 cm from the goal,45.68,1.0,0,5.64,14.57,
l3_switchback_v30_rec_y+0cm_yaw+0_ideal,l3_switchback,0.3,True,False,0.0,0.0,0.0,0.0,50.0,0.0,0.0,False,0,goal,,46.42,1.0,0,7.57,24.58,l3_switchback_v30_rec_y+0cm_yaw+0_ideal.mp4
l3_switchback_v30_rec_y+0cm_yaw+5_ideal,l3_switchback,0.3,True,False,0.0,5.0,0.0,0.0,50.0,0.0,0.0,False,0,goal,,46.36,1.0,0,7.41,19.39,
l3_switchback_v30_rec_y+0cm_yaw-5_ideal,l3_switchback,0.3,True,False,0.0,-5.0,0.0,0.0,50.0,0.0,0.0,False,0,goal,,45.38,1.0,0,4.18,10.9,
l3_switchback_v30_rec_y+10cm_yaw+0_ideal,l3_switchback,0.3,True,False,10.0,0.0,0.0,0.0,50.0,0.0,0.0,False,0,goal,,44.52,1.0,0,7.15,17.63,
l3_switchback_v30_rec_y+10cm_yaw+5_ideal,l3_switchback,0.3,True,False,10.0,5.0,0.0,0.0,50.0,0.0,0.0,False,0,goal,,58.8,1.0,2,6.57,19.54,
l3_switchback_v30_rec_y+10cm_yaw-5_ideal,l3_switchback,0.3,True,False,10.0,-5.0,0.0,0.0,50.0,0.0,0.0,False,0,goal,,72.72,1.0,3,10.22,44.71,
l3_switchback_v30_rec_y-10cm_yaw+0_ideal,l3_switchback,0.3,True,False,-10.0,0.0,0.0,0.0,50.0,0.0,0.0,False,0,goal,,44.56,1.0,0,6.05,15.95,
l3_switchback_v30_rec_y-10cm_yaw+5_ideal,l3_switchback,0.3,True,False,-10.0,5.0,0.0,0.0,50.0,0.0,0.0,False,0,goal,,47.6,1.0,0,7.61,18.76,
l3_switchback_v30_rec_y-10cm_yaw-5_ideal,l3_switchback,0.3,True,False,-10.0,-5.0,0.0,0.0,50.0,0.0,0.0,False,0,goal,,59.08,1.0,2,6.32,15.83,
l3_switchback_v30_y+0cm_yaw+0_ideal,l3_switchback,0.3,False,False,0.0,0.0,0.0,0.0,50.0,0.0,0.0,False,0,goal,,46.42,1.0,0,7.57,24.58,
l3_switchback_v30_y+0cm_yaw+5_ideal,l3_switchback,0.3,False,False,0.0,5.0,0.0,0.0,50.0,0.0,0.0,False,0,goal,,46.36,1.0,0,7.41,19.39,
l3_switchback_v30_y+0cm_yaw-5_ideal,l3_switchback,0.3,False,False,0.0,-5.0,0.0,0.0,50.0,0.0,0.0,False,0,goal,,45.38,1.0,0,4.18,10.9,
l3_switchback_v30_y+10cm_yaw+0_ideal,l3_switchback,0.3,False,False,10.0,0.0,0.0,0.0,50.0,0.0,0.0,False,0,goal,,44.52,1.0,0,7.15,17.63,
l3_switchback_v30_y+10cm_yaw+5_ideal,l3_switchback,0.3,False,False,10.0,5.0,0.0,0.0,50.0,0.0,0.0,False,0,goal,,68.56,1.0,0,7.28,33.95,
l3_switchback_v30_y+10cm_yaw-5_ideal,l3_switchback,0.3,False,False,10.0,-5.0,0.0,0.0,50.0,0.0,0.0,False,0,goal,,52.86,1.0,0,10.15,40.93,
l3_switchback_v30_y-10cm_yaw+0_ideal,l3_switchback,0.3,False,False,-10.0,0.0,0.0,0.0,50.0,0.0,0.0,False,0,goal,,44.56,1.0,0,6.05,15.95,
l3_switchback_v30_y-10cm_yaw+5_ideal,l3_switchback,0.3,False,False,-10.0,5.0,0.0,0.0,50.0,0.0,0.0,False,0,goal,,47.6,1.0,0,7.61,18.76,
l3_switchback_v30_y-10cm_yaw-5_ideal,l3_switchback,0.3,False,False,-10.0,-5.0,0.0,0.0,50.0,0.0,0.0,False,0,stuck,"segment 0 (flat), follow",31.92,0.1673,0,4.74,11.74,
l4_factory_route_v30_rec_align_y+0cm_yaw+0_ideal,l4_factory_route,0.3,True,True,0.0,0.0,0.0,0.0,50.0,0.0,0.0,False,0,goal,stopped 4 cm from the goal,79.76,1.0,0,8.37,34.13,
l4_factory_route_v30_rec_align_y+0cm_yaw+5_ideal,l4_factory_route,0.3,True,True,0.0,5.0,0.0,0.0,50.0,0.0,0.0,False,0,goal,stopped 6 cm from the goal,86.34,1.0,1,9.35,42.91,
l4_factory_route_v30_rec_align_y+0cm_yaw-5_ideal,l4_factory_route,0.3,True,True,0.0,-5.0,0.0,0.0,50.0,0.0,0.0,False,0,goal,stopped 3 cm from the goal,74.92,1.0,0,5.81,25.89,
l4_factory_route_v30_rec_align_y+10cm_yaw+0_ideal,l4_factory_route,0.3,True,True,10.0,0.0,0.0,0.0,50.0,0.0,0.0,False,0,goal,stopped 4 cm from the goal,82.94,1.0,1,10.13,41.81,
l4_factory_route_v30_rec_align_y+10cm_yaw+5_ideal,l4_factory_route,0.3,True,True,10.0,5.0,0.0,0.0,50.0,0.0,0.0,False,0,goal,stopped 5 cm from the goal,99.74,1.0,3,7.03,22.98,
l4_factory_route_v30_rec_align_y+10cm_yaw-5_ideal,l4_factory_route,0.3,True,True,10.0,-5.0,0.0,0.0,50.0,0.0,0.0,False,0,goal,stopped 4 cm from the goal,86.18,1.0,1,7.04,27.63,
l4_factory_route_v30_rec_align_y-10cm_yaw+0_ideal,l4_factory_route,0.3,True,True,-10.0,0.0,0.0,0.0,50.0,0.0,0.0,False,0,goal,stopped 12 cm from the goal,81.02,1.0,1,6.78,17.11,
l4_factory_route_v30_rec_align_y-10cm_yaw+5_ideal,l4_factory_route,0.3,True,True,-10.0,5.0,0.0,0.0,50.0,0.0,0.0,False,0,goal,stopped 5 cm from the goal,75.16,1.0,0,7.95,42.3,
l4_factory_route_v30_rec_align_y-10cm_yaw-5_ideal,l4_factory_route,0.3,True,True,-10.0,-5.0,0.0,0.0,50.0,0.0,0.0,False,0,goal,stopped 6 cm from the goal,74.96,1.0,0,6.59,18.51,
l4_factory_route_v30_rec_y+0cm_yaw+0_ideal,l4_factory_route,0.3,True,False,0.0,0.0,0.0,0.0,50.0,0.0,0.0,False,0,goal,,75.22,1.0,0,8.04,28.96,l4_factory_route_v30_rec_y+0cm_yaw+0_ideal.mp4
l4_factory_route_v30_rec_y+0cm_yaw+5_ideal,l4_factory_route,0.3,True,False,0.0,5.0,0.0,0.0,50.0,0.0,0.0,False,0,goal,,75.0,1.0,0,9.25,43.77,
l4_factory_route_v30_rec_y+0cm_yaw-5_ideal,l4_factory_route,0.3,True,False,0.0,-5.0,0.0,0.0,50.0,0.0,0.0,False,0,goal,,72.54,1.0,0,6.09,26.66,
l4_factory_route_v30_rec_y+10cm_yaw+0_ideal,l4_factory_route,0.3,True,False,10.0,0.0,0.0,0.0,50.0,0.0,0.0,False,0,goal,,70.96,1.0,0,8.55,36.81,
l4_factory_route_v30_rec_y+10cm_yaw+5_ideal,l4_factory_route,0.3,True,False,10.0,5.0,0.0,0.0,50.0,0.0,0.0,False,0,goal,,88.62,1.0,2,7.55,25.04,
l4_factory_route_v30_rec_y+10cm_yaw-5_ideal,l4_factory_route,0.3,True,False,10.0,-5.0,0.0,0.0,50.0,0.0,0.0,False,0,goal,,104.62,1.0,3,9.65,44.71,
l4_factory_route_v30_rec_y-10cm_yaw+0_ideal,l4_factory_route,0.3,True,False,-10.0,0.0,0.0,0.0,50.0,0.0,0.0,False,0,goal,,74.28,1.0,0,6.33,21.33,
l4_factory_route_v30_rec_y-10cm_yaw+5_ideal,l4_factory_route,0.3,True,False,-10.0,5.0,0.0,0.0,50.0,0.0,0.0,False,0,goal,,75.88,1.0,0,9.07,48.66,
l4_factory_route_v30_rec_y-10cm_yaw-5_ideal,l4_factory_route,0.3,True,False,-10.0,-5.0,0.0,0.0,50.0,0.0,0.0,False,0,goal,,88.0,1.0,2,6.32,17.81,l4_factory_route_v30_rec_y-10cm_yaw-5_ideal.mp4
l4_factory_route_v30_y+0cm_yaw+0_ideal,l4_factory_route,0.3,False,False,0.0,0.0,0.0,0.0,50.0,0.0,0.0,False,0,goal,,75.22,1.0,0,8.04,28.96,
l4_factory_route_v30_y+0cm_yaw+5_ideal,l4_factory_route,0.3,False,False,0.0,5.0,0.0,0.0,50.0,0.0,0.0,False,0,goal,,75.0,1.0,0,9.25,43.77,
l4_factory_route_v30_y+0cm_yaw-5_ideal,l4_factory_route,0.3,False,False,0.0,-5.0,0.0,0.0,50.0,0.0,0.0,False,0,goal,,72.54,1.0,0,6.09,26.66,
l4_factory_route_v30_y+10cm_yaw+0_ideal,l4_factory_route,0.3,False,False,10.0,0.0,0.0,0.0,50.0,0.0,0.0,False,0,goal,,70.96,1.0,0,8.55,36.81,
l4_factory_route_v30_y+10cm_yaw+5_ideal,l4_factory_route,0.3,False,False,10.0,5.0,0.0,0.0,50.0,0.0,0.0,False,0,path_exit,"segment 9 (stairs_down), follow",82.8,0.7532,0,7.52,61.81,
l4_factory_route_v30_y+10cm_yaw-5_ideal,l4_factory_route,0.3,False,False,10.0,-5.0,0.0,0.0,50.0,0.0,0.0,False,0,path_exit,"segment 9 (stairs_down), follow",69.22,0.7715,0,10.5,60.77,
l4_factory_route_v30_y-10cm_yaw+0_ideal,l4_factory_route,0.3,False,False,-10.0,0.0,0.0,0.0,50.0,0.0,0.0,False,0,goal,,74.28,1.0,0,6.33,21.33,
l4_factory_route_v30_y-10cm_yaw+5_ideal,l4_factory_route,0.3,False,False,-10.0,5.0,0.0,0.0,50.0,0.0,0.0,False,0,goal,,75.88,1.0,0,9.07,48.66,
l4_factory_route_v30_y-10cm_yaw-5_ideal,l4_factory_route,0.3,False,False,-10.0,-5.0,0.0,0.0,50.0,0.0,0.0,False,0,stuck,"segment 0 (flat), follow",31.92,0.0983,0,4.74,11.74,l4_factory_route_v30_y-10cm_yaw-5_ideal.mp4
