segment,trials,pass_rate,fell,off_track,timeout,mean_time_pass,fail_x_rel,fail_progress_rel,max_lateral_dev,stride_target,stride_mean,stride_err
A warm-up,10,1.0,0,0,0,26.778000000000002,nan,nan,0.04793771502992838,nan,nan,nan
B1 up 5deg,10,1.0,0,0,0,27.362000000000002,nan,nan,0.06999048914972347,nan,nan,nan
B1 down 5deg,10,1.0,0,0,0,22.496000000000002,nan,nan,0.04968913230241971,nan,nan,nan
B2 up 10deg,10,1.0,0,0,0,30.842000000000002,nan,nan,0.07231981118704103,nan,nan,nan
B2 down 10deg,10,1.0,0,0,0,21.266000000000002,nan,nan,0.04928676886593376,nan,nan,nan
B3 up 15deg,10,1.0,0,0,0,58.386,nan,nan,0.08705310396642262,nan,nan,nan
B3 down 15deg,10,1.0,0,0,0,19.838,nan,nan,0.05206650405796737,nan,nan,nan
C1 step 5cm,10,1.0,0,0,0,20.637999999999998,nan,nan,0.08182848687113052,nan,nan,nan
C2 step 10cm,10,1.0,0,0,0,20.270000000000003,nan,nan,0.06347769448865431,nan,nan,nan
C3 step 15cm,10,1.0,0,0,0,20.452,nan,nan,0.11727284614555308,nan,nan,nan
D1 up 10/30,10,1.0,0,0,0,23.880000000000003,nan,nan,0.10130297979256539,nan,nan,nan
D2 up 15/25,10,0.9,0,1,0,25.94,0.18229117346948742,0.2528810146417475,0.23583732013645245,nan,nan,nan
E1 down 15/30,10,0.9,0,1,0,18.74888888888889,1.0041122081669522,1.0041122081669522,0.19730275794046964,nan,nan,nan
E2 down 10/30,10,1.0,0,0,0,19.662,nan,nan,0.17259827878080433,nan,nan,nan
