t,foot,step_length,x,y,segment
1.3,left,-0.06712510455270063,-0.11934574396174998,0.15719748622354046,
1.68,left,-0.0849363095304977,-0.14650921439635806,0.16052598669432241,
2.06,left,-0.11895768064055724,-0.19540013718239133,0.15118060554644153,
2.54,left,-0.08981258783041454,-0.25730336037444107,0.1446017761184061,
2.74,right,0.030795720174696867,-0.2179684753623115,-0.10267334328597078,
3.12,left,0.016268005884178705,-0.20700237830768406,0.14502240594313354,
3.38,right,0.16006047700969803,-0.051360938601677585,-0.11978921182403045,
3.72,left,0.17731494105903164,0.12623460110100737,0.11438885204546274,
4.0,right,0.1491531184129976,0.27220879942619175,-0.1333816689170976,
4.4,left,0.07898019587115135,0.3657901923690149,0.10738940572225125,
4.68,right,0.1685933777536482,0.5254550184579674,-0.15732374064598426,
5.0200000000000005,left,0.1691330478061268,0.7028240244238373,0.08201473555923343,
5.32,right,0.1631424238615196,0.8641433967054483,-0.16282814819554767,
5.74,left,0.09108233288676973,0.9654708307139807,0.07616566118724341,
6.0200000000000005,right,0.20286931779815126,1.1611617634328861,-0.16417151378019362,
6.32,left,0.14639791834856336,1.3101728414677,0.09736797558466274,
6.62,right,0.14809038967049526,1.458545222197491,-0.15785619846381113,
7.0600000000000005,left,0.13325954129983275,1.6019626416858141,0.06523830353728957,A warm-up
7.32,right,0.20973614369001187,1.8092144152417553,-0.16610417441731787,A warm-up
7.62,left,0.12305748484846446,1.942203650686147,0.10186938012534892,A warm-up
7.94,right,0.1600744218891777,2.1053380516313944,-0.15269782349123476,A warm-up
8.36,left,0.14852479546980601,2.2593860438867135,0.06816604058606195,A warm-up
8.620000000000001,right,0.20294673366120708,2.4589894481826593,-0.16594228672772648,A warm-up
8.94,left,0.12309924618810238,2.5930183358649823,0.09749044938628956,A warm-up
9.26,right,0.1590017758768502,2.7519254731981113,-0.15749397879783164,A warm-up
9.66,left,0.1604219169776438,2.9155942594093855,0.06758352063302665,A warm-up
9.92,right,0.1936015921156207,3.1051835077850796,-0.17092476079123964,A warm-up
10.26,left,0.11504912790949601,3.2329832664264564,0.08619401598410167,A warm-up
10.58,right,0.1702457718092133,3.402076201085783,-0.164075555365396,A warm-up
10.94,left,0.16149765552267303,3.5647024203863644,0.07125651739772508,B1 up 5deg
11.200000000000001,right,0.14133544973804205,3.705951756755883,-0.16230821508477558,B1 up 5deg
11.56,left,0.03671113762985907,3.74559081109569,0.09197978155600205,B1 up 5deg
11.86,right,0.0940496573736902,3.835437240824214,-0.15039530467041162,B1 up 5deg
12.3,left,0.014364338665649581,3.854860313441683,0.08959555600386426,B1 up 5deg
12.540000000000001,right,0.129850352494977,3.9791143792791637,-0.14425198584295632,B1 up 5deg
12.92,left,0.056217016060675064,4.0398368137851435,0.10544720661281114,B1 up 5deg
13.22,right,0.09895018717757527,4.136691634010197,-0.13437544477025254,B1 up 5deg
13.68,left,0.005143216574950541,4.147467590133469,0.10334083734567975,B1 up 5deg
13.92,right,0.12191895116725095,4.2631687079778695,-0.1375398886496456,B1 up 5deg
14.32,left,0.0501616327355017,4.318681755273169,0.10402698033035597,B1 up 5deg
14.6,right,0.11910783033501465,4.433774550181957,-0.131332060003202,B1 up 5deg
15.040000000000001,left,0.0076515875272596375,4.4497335292442255,0.11273919159533022,B1 up 5deg
15.3,right,0.11951956383368674,4.56264929644609,-0.12811386946810016,B1 up 5deg
15.72,left,0.036241240087356484,4.6033543174524985,0.11167694479747865,B1 up 5deg
15.98,right,0.12797661982622566,4.725515049925545,-0.12382576007966162,B1 up 5deg
16.4,left,0.027054951803111467,4.7604990383214725,0.11858421936999278,B1 up 5deg
16.68,right,0.11852539609864719,4.873247910840739,-0.12118335147997313,B1 up 5deg
17.1,left,0.01714760975739348,4.895851492366752,0.12051176032888608,B1 up 5deg
17.36,right,0.11776659479332213,5.006395161507032,-0.11942158332224359,B1 up 5deg
17.78,left,0.030143117087458662,5.043587395678349,0.11456100923348786,B1 up 5deg
18.06,right,0.13339523019307703,5.173242505679082,-0.11748634313534492,B1 up 5deg
18.44,left,0.029322398512060352,5.2080086384321245,0.13016810149267863,B1 up 5deg
18.740000000000002,right,0.09770702367281826,5.30049423858101,-0.11917519553516122,B1 up 5deg
19.2,left,0.014521197123250198,5.319238699837892,0.11020631098692604,B1 up 5deg
19.46,right,0.15205812641529418,5.46465301145048,-0.123952988385709,B1 up 5deg
19.82,left,0.02624538150354184,5.498406165804391,0.1281808062965438,B1 up 5deg
20.12,right,0.1169682295578602,5.60694988473554,-0.1303494946066621,
20.52,left,0.15328439876312586,5.769087680957607,0.0912104525264919,
20.78,right,0.18770148703409972,5.949409002519312,-0.15736070151276724,
21.14,left,0.12767143637474213,6.083170467171857,0.08832889072638456,
21.44,right,0.1819762564955728,6.26152575845541,-0.16099584768286163,
21.82,left,0.14179501901898392,6.411151111206009,0.07329781301454436,
22.12,right,0.20636122992850967,6.617752672032259,-0.16731942465925845,B1 down 5deg
22.5,left,0.11944345493703559,6.745803059850078,0.08868658688466785,B1 down 5deg
22.76,right,0.22087467977783518,6.962471282769323,-0.16789371061297226,B1 down 5deg
23.080000000000002,left,0.3391318681133386,7.32387167566351,0.0868437429750399,B1 down 5deg
23.400000000000002,right,0.2880101821772633,7.611061336699456,-0.1698401034894982,B1 down 5deg
23.740000000000002,left,0.10179998556319893,7.723502143979325,0.09504804991081194,B1 down 5deg
24.0,right,0.1707834690189351,7.889735576780145,-0.17777782711872905,B1 down 5deg
24.34,left,0.3618935582641214,8.291038534158853,0.045605510529738665,B1 down 5deg
24.64,right,0.3227788916129725,8.599092848280147,-0.22535594787345986,
24.96,left,0.11610191515200889,8.73066900694468,0.02878966995336901,
25.26,right,0.12221830667456682,8.844929773130117,-0.22858694522776182,
25.66,left,0.18311608224057957,9.05065134041214,-0.0007214008489470387,
25.92,right,0.18739997097655312,9.22584241894512,-0.24011948893049023,
26.26,left,0.11294492567216888,9.355142900090938,0.023711939811092625,
26.54,right,0.12309896686294729,9.473754550262877,-0.22260439206430724,
26.82,left,0.1509693748740474,9.63229808482259,0.025917402951550164,B2 up 10deg
27.060000000000002,right,0.02093861116514592,9.651706673963025,-0.21713327693587006,B2 up 10deg
27.42,left,0.003488194533682803,9.646757991500841,0.0501664268199802,B2 up 10deg
27.64,right,-0.028858693848655238,9.618683752471293,-0.19313914576107286,B2 up 10deg
27.94,left,-0.10070243194783084,9.511179296895973,0.05935779134549265,B2 up 10deg
28.12,right,-0.047593774737910904,9.485290231582116,-0.18726295189086933,
28.34,left,-0.15180021079841394,9.321305503206059,0.06106962899989926,
28.52,right,-0.1009783019923786,9.244893487256956,-0.20123371630760747,
28.78,left,-0.12665227790123953,9.083125050111406,0.04442139408164004,
28.98,right,0.05707472600232011,9.16646730865011,-0.21411643600579444,
29.44,left,0.02326634379501678,9.179750949650677,0.013850283722476655,
29.66,right,0.18354189341067093,9.363618592850754,-0.2290824309827802,
29.96,left,0.16552121819846438,9.523542542694557,0.04041828965390556,B2 up 10deg
30.16,right,0.056176093241083865,9.580501394905262,-0.18366143415158756,B2 up 10deg
30.48,left,0.11240636042230984,9.679859489920716,0.07762712323387266,B2 up 10deg
30.72,right,0.011511740925626004,9.700789450540327,-0.1645747948641437,B2 up 10deg
30.98,left,-0.14171869302739534,9.551456985321487,0.09643323733029253,B2 up 10deg
31.16,right,-0.09584891771150053,9.479267237131138,-0.1484590528221218,
31.38,left,-0.08765503782579825,9.38133153033613,0.07463688971324402,
31.54,right,-0.19715482009666863,9.19452390988844,-0.18891414999541867,
31.8,left,-0.20834259785375214,8.942997169313058,0.045882304201532505,
31.98,right,-0.055720656848438695,8.938398866127327,-0.2212237560639027,
32.24,left,-0.12897864111060764,8.752340495744281,-0.006566866364402413,
32.42,right,-0.025909381893039207,8.79139191456437,-0.2715610949309828,
32.78,left,-0.027535548223805696,8.70616057345624,-0.043002688478310236,
32.96,right,0.005751172015161128,8.765013096460423,-0.28941988593624696,
33.34,left,0.07757691651444984,8.79768352553875,-0.034278766640099836,
33.56,right,0.12500555460701224,8.949199764341659,-0.24386374735496552,
33.88,left,0.12454804933051378,9.05606941737884,0.027567386631048435,
34.160000000000004,right,0.10169577999894301,9.175135865222476,-0.1988945715144256,
34.46,left,0.11245757062916584,9.273192244023281,0.06202003846269196,
34.7,right,0.08024447017836395,9.358463323606607,-0.1824786655130371,
35.0,left,0.12300866335587081,9.483807899112485,0.06493976238478519,
35.22,right,0.058469850649642635,9.549197650182133,-0.17422372878684073,B2 up 10deg
35.46,left,0.11786483549736029,9.653776057876806,0.0775516827660285,B2 up 10deg
35.7,right,-0.030710905861355064,9.631028647936963,-0.15377355493778058,B2 up 10deg
35.9,left,-0.08720727473876981,9.531754059625982,0.07625501310794587,B2 up 10deg
36.08,right,-0.09452484581865,9.451151970913585,-0.1413015153651649,
36.28,left,-0.11763173580031017,9.318277907613707,0.08074259613829768,
36.46,right,-0.165567263580039,9.170252363291707,-0.13603770485206151,
36.68,left,-0.07066810003804358,9.06408434226166,0.10574915135996778,
36.88,right,-0.10826202603623084,8.981153020578818,-0.13194178678983515,
37.08,left,-0.004572782481530948,8.9453563917008,0.0883903360163722,
37.26,right,-0.02106872449084391,8.945321201458452,-0.17442924225306572,
37.44,left,-0.006336800852116062,8.921227573977788,0.05464885633178508,
37.6,right,0.05154326999830918,8.978691726507055,-0.22053205391102715,
37.800000000000004,left,0.00036163440749094767,8.976199320953981,0.012409908557683681,
38.28,left,0.24237067323436678,9.287626936406786,-0.06334984417499895,
38.5,right,0.06314921036320967,9.343706106833709,-0.3128791346657137,
38.800000000000004,left,0.1423718811330186,9.522566135532099,-0.06252379915611969,B2 up 10deg
39.0,right,0.09574036059930345,9.609279972269754,-0.2920585365423572,B2 up 10deg
39.24,left,0.0842219789630749,9.698347386418442,-0.023492536326848827,B2 up 10deg
39.46,right,-0.06697032404362858,9.63510603130088,-0.2364085945113798,B2 up 10deg
39.68,left,-0.0494369738282036,9.578094767846158,-0.0028595701340925267,B2 up 10deg
39.86,right,-0.08042272143273502,9.500626034832091,-0.2024245374733786,B2 up 10deg
40.06,left,-0.10337267315904519,9.390514432095566,0.03482920214936537,
40.24,right,-0.1684743375885869,9.235644536695956,-0.16233059600631394,
40.44,left,-0.06669986445406281,9.137461974909156,0.10822300261650483,
40.64,right,-0.10004788150524867,9.064118400217057,-0.11398437885151834,
40.86,left,-0.06367345542163928,8.965429797926733,0.09726262718646077,
41.04,right,-0.05580116663178451,8.941167000925347,-0.15385730398413658,
41.24,left,-0.0012221384229750172,8.907762946343611,0.07382533316896112,
41.42,right,-0.02103554776208595,8.909232811443779,-0.1942667528927578,
41.62,left,-0.009323519532925865,8.881740761451876,0.030933032737983212,
41.78,right,0.05756758290323816,8.944789395187271,-0.24248025546363222,
41.980000000000004,left,0.0016446653676634119,8.943486865267294,-0.014300868045482544,
42.46,left,0.2571385593462782,9.265487556366928,-0.09251499909341405,
42.7,right,0.09496332336307521,9.351065931013173,-0.34515820498815325,
42.980000000000004,left,0.14327354255287966,9.511742583223885,-0.0943228139849864,B2 up 10deg
43.46,left,0.058200621906165394,9.671113721770185,-0.04752915394329462,B2 up 10deg
43.64,right,-0.056574669215025276,9.60822709503399,-0.2657652156661243,B2 up 10deg
43.86,left,-0.04432270041192462,9.561291957460098,-0.021888666573258192,B2 up 10deg
44.06,right,-0.07804486236371412,9.484638327126856,-0.21508952776910348,
44.56,left,-0.21147944490628362,9.191121535481873,0.015618583823485691,
44.72,right,-0.3705741590308822,8.849336919200518,-0.16808137301714743,
44.88,left,-0.17489631510320858,8.57162163342965,-0.07372647088612744,
45.12,right,0.023839220337613716,8.477740743337078,-0.11960492133097621,B1 down 5deg
45.18,left,-0.1207434728465122,8.171869933732909,-0.12260302211736962,B1 down 5deg
45.36,right,-0.001737828031277193,8.204188039883533,-0.08383500744548147,B1 down 5deg
