gen,best_gen,mean_gen,best_ever,seconds,slow_gain,v_min,k_y,k_slope,k_yaw,yaw_slope,hip,knee,ankle,t_swing,trigger,A warm-up pass,C1 step 5cm pass,C2 step 10cm pass,D1 up 10/30 pass,H1 stairs 15deg pass,F1 cross 5deg pass,B2 up 10deg pass
0,0.4343,0.3176,0.4343,222.3,0.5378,0.1242,0.2758,2.356,2.536,1.5575,0.0451,0.5466,0.0101,0.288,0.3352,1.0,0.0,0.25,0.0,0.0,0.25,0.0
1,0.4953,0.3584,0.4953,241.7,0.4639,0.1953,3.0248,3.7681,3.9961,1.0881,0.0865,0.1068,0.0047,0.321,0.5249,1.0,0.0,0.0,0.0,0.0,1.0,0.0
2,0.5475,0.3759,0.5475,233.3,0.2275,0.2649,1.1761,3.4613,3.7867,1.0341,0.0912,1.1353,0.3933,0.2216,0.2505,1.0,0.75,0.0,0.0,0.0,0.5,0.0
3,0.5367,0.3894,0.5475,290.9,0.2275,0.1599,0.1806,3.0691,3.2042,0.8325,0.0137,0.5741,0.2509,0.1512,0.4416,1.0,0.5,0.0,0.0,0.0,0.75,0.0
4,0.5706,0.3832,0.5706,640.6,0.5036,0.1984,0.9558,3.07,1.9,1.2885,0.1674,0.7784,0.0177,0.1747,0.5754,1.0,0.25,0.25,0.0,0.0,0.75,0.0
5,0.5395,0.4439,0.5706,1169.9,0.4745,0.3617,1.4593,5.9919,3.3757,1.3619,0.1119,1.1973,0.0741,0.1542,0.3836,1.0,0.25,0.0,0.0,0.0,0.75,0.0
6,0.5778,0.4661,0.5778,1068.0,0.2917,0.4216,3.8079,5.2917,3.9021,0.7359,0.0856,1.0248,0.0001,0.1503,0.3451,1.0,0.25,0.0,0.0,0.0,1.0,0.0
7,0.5283,0.4263,0.5778,2659.2,0.1423,0.3372,3.215,5.2187,3.9984,1.2612,0.0322,0.8693,0.0879,0.184,0.3559,1.0,0.25,0.0,0.0,0.0,0.75,0.0
8,0.7054,0.4602,0.7054,154.0,0.389,0.3434,3.821,5.8822,3.1017,1.6085,0.2097,1.3313,0.0115,0.1548,0.3558,1.0,0.5,0.5,0.0,0.0,1.0,0.0
9,0.6425,0.4695,0.7054,121.9,0.4344,0.3589,2.3173,4.025,3.0174,0.4605,0.0536,0.8104,0.2725,0.198,0.4325,1.0,0.75,0.25,0.0,0.0,0.5,0.0
10,0.5954,0.4763,0.7054,114.2,0.6989,0.4886,3.1875,5.8646,1.0703,0.9145,0.1999,0.9434,0.2553,0.182,0.1689,1.0,0.5,0.25,0.0,0.0,0.5,0.0
11,0.514,0.4629,0.7054,133.0,0.3405,0.4757,3.4785,5.5376,3.3844,1.3129,0.0525,1.1077,0.0141,0.1555,0.1613,1.0,0.25,0.0,0.0,0.0,0.75,0.0
12,0.5392,0.4447,0.7054,114.6,0.6871,0.4997,3.972,5.9981,3.1591,1.3061,0.0858,1.3345,0.0281,0.1859,0.1533,1.0,0.25,0.0,0.0,0.0,1.0,0.0
13,0.5521,0.4568,0.7054,129.0,0.6148,0.4994,3.2525,5.8714,3.8871,1.2455,0.0322,1.2677,0.2946,0.1684,0.1625,1.0,0.25,0.0,0.0,0.0,1.0,0.0
14,0.5127,0.4636,0.7054,121.3,0.8993,0.4498,3.945,4.2143,3.3895,1.3719,0.007,1.1676,0.2489,0.2224,0.2352,1.0,0.25,0.0,0.0,0.0,0.75,0.0
15,0.6232,0.4989,0.7054,130.1,0.566,0.4073,3.7947,5.9274,3.107,1.2586,0.2198,1.3778,0.0802,0.1513,0.3055,1.0,0.5,0.25,0.0,0.0,0.75,0.0
16,0.6034,0.4862,0.7054,126.4,0.5558,0.4522,3.0248,5.1683,1.2695,1.4852,0.1051,1.398,0.0018,0.1502,0.4234,1.0,0.5,0.0,0.0,0.0,1.0,0.0
17,0.6135,0.4644,0.7054,110.9,0.78,0.2765,3.7764,4.8314,2.1551,1.5781,0.1539,1.204,0.2212,0.1513,0.2997,1.0,0.25,0.25,0.0,0.0,1.0,0.0
18,0.5217,0.4638,0.7054,127.2,0.2889,0.3321,3.648,5.9942,3.3535,1.4461,0.0298,1.3404,0.0587,0.17,0.4608,1.0,0.25,0.0,0.0,0.0,0.75,0.0
19,0.6047,0.4816,0.7054,113.8,0.5824,0.3799,3.0658,5.2763,2.7617,1.0318,0.1039,1.2538,0.004,0.176,0.4502,1.0,0.5,0.0,0.0,0.0,1.0,0.0
20,0.6046,0.4767,0.7054,118.9,0.767,0.3025,3.3246,5.1892,1.8749,1.2464,0.0002,1.2083,0.0691,0.165,0.3338,1.0,0.5,0.25,0.0,0.0,0.75,0.0
21,0.638,0.5004,0.7054,122.9,0.4668,0.2969,2.4311,5.4726,3.0659,1.0083,0.1235,1.3898,0.1899,0.2364,0.3717,1.0,0.75,0.0,0.0,0.0,1.0,0.0
22,0.6192,0.5253,0.7054,132.2,0.5497,0.417,2.9515,5.513,3.0762,1.2655,0.025,1.2187,0.261,0.1503,0.4232,1.0,0.75,0.0,0.0,0.0,0.75,0.0
23,0.5535,0.4487,0.7054,114.0,0.5766,0.3362,0.8368,5.7821,2.3522,0.7086,0.0039,1.1569,0.3735,0.1582,0.3345,1.0,0.25,0.0,0.0,0.0,1.0,0.0
24,0.657,0.5251,0.7054,114.1,0.4358,0.3893,2.0746,5.6859,1.9257,1.17,0.0735,1.3538,0.3464,0.1502,0.3703,1.0,0.75,0.0,0.0,0.0,1.0,0.0
25,0.566,0.5149,0.7054,111.7,0.403,0.3179,1.7457,5.3719,3.7707,1.4064,0.0182,1.3776,0.084,0.1821,0.3609,1.0,0.5,0.0,0.0,0.0,0.75,0.0
26,0.5436,0.4864,0.7054,114.7,0.5635,0.4126,3.9998,4.8228,2.2329,1.6795,0.0021,1.2909,0.118,0.1761,0.3813,1.0,0.25,0.0,0.0,0.0,1.0,0.0
27,0.5833,0.4846,0.7054,109.6,0.2496,0.2454,1.8867,4.5274,2.6087,1.2324,0.0016,1.3977,0.3202,0.2148,0.1721,1.0,0.5,0.0,0.0,0.0,1.0,0.0
28,0.5505,0.4472,0.7054,111.1,0.296,0.3425,2.5183,5.863,1.6856,1.3133,0.0239,1.0904,0.4062,0.2025,0.2942,1.0,0.25,0.0,0.0,0.0,1.0,0.0
29,0.5537,0.4538,0.7054,165.1,0.4602,0.1749,1.3022,4.7899,2.3606,1.2597,0.0254,1.0042,0.1053,0.2151,0.4869,1.0,1.0,0.0,0.0,0.0,0.25,0.0
30,0.6511,0.5011,0.7054,148.2,0.438,0.2166,2.3966,4.4456,1.7069,1.3278,0.045,1.2029,0.2861,0.253,0.4056,1.0,1.0,0.0,0.0,0.0,0.75,0.0
31,0.6299,0.4875,0.7054,98.8,0.3373,0.1996,1.3891,5.1845,1.746,1.3632,0.0067,1.0929,0.3434,0.2339,0.4255,1.0,1.0,0.0,0.0,0.0,0.75,0.0
32,0.6135,0.4648,0.7054,110.4,0.5432,0.1279,0.5891,5.2871,2.629,1.2654,0.0045,0.8762,0.4567,0.2227,0.4445,1.0,0.75,0.0,0.0,0.0,0.5,0.25
33,0.5777,0.4461,0.7054,126.9,0.5958,0.2782,2.73,5.5081,1.5576,1.7089,0.0199,0.8094,0.3526,0.1579,0.4112,1.0,0.5,0.0,0.0,0.0,0.75,0.0
34,0.6822,0.4822,0.7054,130.8,0.519,0.2919,2.8046,5.2841,2.1322,1.4938,0.0275,0.8028,0.5102,0.1744,0.4612,1.0,0.5,0.25,0.0,0.0,1.0,0.0
35,0.5636,0.4644,0.7054,131.1,0.7214,0.1775,0.8849,5.9958,1.3055,1.3003,0.004,0.9215,0.4173,0.1729,0.4274,1.0,0.25,0.0,0.0,0.0,1.0,0.0
36,0.6184,0.4968,0.7054,129.4,0.3641,0.2182,0.9751,5.8761,2.6144,1.3413,0.0342,1.0535,0.2378,0.1659,0.3557,1.0,0.5,0.25,0.0,0.0,0.75,0.0
37,0.6167,0.4947,0.7054,114.9,0.5234,0.1585,2.3117,4.7814,2.6321,1.4634,0.0097,0.8309,0.427,0.1989,0.4954,1.0,0.5,0.25,0.0,0.0,0.75,0.0
38,0.5946,0.4807,0.7054,122.3,0.6902,0.3027,2.4809,4.4081,1.8261,1.9432,0.0334,0.7056,0.1565,0.1917,0.4906,1.0,0.25,0.0,0.0,0.0,1.0,0.0
39,0.6172,0.5393,0.7054,122.4,0.5483,0.293,2.1534,4.8194,2.9316,1.2869,0.1006,0.6181,0.1803,0.1755,0.5251,1.0,0.25,0.25,0.0,0.0,1.0,0.0
40,0.5991,0.5022,0.7054,135.5,0.666,0.192,1.0337,4.6577,3.2676,1.5448,0.0037,0.4859,0.2197,0.2271,0.4682,1.0,0.5,0.0,0.0,0.0,1.0,0.0
41,0.6778,0.5564,0.7054,133.7,0.6914,0.2606,1.7492,5.3065,3.394,1.4996,0.0122,0.6901,0.1202,0.1576,0.5329,1.0,1.0,0.0,0.0,0.0,0.75,0.0
42,0.7125,0.5106,0.7125,133.2,0.4294,0.3121,2.574,5.9606,2.4219,1.5144,0.0434,0.6375,0.2066,0.199,0.4815,1.0,0.75,0.0,0.0,0.0,1.0,0.0
