gen,fitness_logged,fitness_reevaluated,A warm-up pass,C1 step 5cm pass,C2 step 10cm pass,D1 up 10/30 pass,H1 stairs 15deg pass,F1 cross 5deg pass,B2 up 10deg pass
42,0.7125,0.5488,1.0,0.125,0.125,0.0,0.0,0.75,0.0
8,0.7054,0.4299,1.0,0.0,0.125,0.0,0.0,0.5,0.0
34,0.6822,0.441,1.0,0.0,0.0,0.0,0.0,0.625,0.0
41,0.6778,0.5386,1.0,0.375,0.0,0.0,0.0,0.625,0.0
24,0.657,0.5436,1.0,0.25,0.0,0.0,0.0,0.875,0.0
30,0.6511,0.4498,1.0,0.25,0.0,0.0,0.0,0.625,0.0
9,0.6425,0.4604,1.0,0.375,0.0,0.0,0.0,0.25,0.0
21,0.638,0.4133,1.0,0.125,0.0,0.0,0.0,0.5,0.0
40,0.5991,0.4617,1.0,0.125,0.0,0.0,0.0,0.625,0.0
