t,robot_x,dist_true,dist_measured,zone,cmd_vx
0.0,0.00026070754631734,5.830951894845301,5.830951894845301,OFF,0.0
0.02,0.0007510066869291821,5.83070500459499,5.830951894845301,OFF,0.0
0.04,0.0011220496491874303,5.83017991324872,5.830951894845301,OFF,0.0
0.06,0.0013305871852394716,5.829783179428421,5.830951894845301,OFF,0.0
0.08,0.0012690982147340376,5.829617127305669,5.830951894845301,OFF,0.0
0.1,0.0009404477869093458,5.829669302898247,5.830951894845301,OFF,0.0
0.12,0.0004329788431614253,5.829996217830364,5.83070500459499,OFF,0.0
0.14,-0.0001618607911349641,5.8305145451672145,5.83017991324872,OFF,0.0
0.16,-0.0009747060602578501,5.831046545882938,5.829783179428421,OFF,0.0
0.18,-0.0019346138652258042,5.8317906405148205,5.829617127305669,OFF,0.0
0.2,-0.0030576942037470805,5.832644050443353,5.829669302898247,OFF,0.0
0.22,-0.004318775020017063,5.833604922607717,5.829996217830364,OFF,0.0
0.24,-0.005708138599741633,5.834675422811869,5.8305145451672145,OFF,0.0
0.26,-0.007197861006451564,5.8358448772647815,5.831046545882938,OFF,0.0
0.28,-0.008794711302852731,5.837086065142369,5.8317906405148205,OFF,0.0
0.3,-0.01047956873253347,5.838411447737057,5.832644050443353,OFF,0.0
0.32,-0.012247649726641215,5.83979801746186,5.833604922607717,OFF,0.0
0.34,-0.014087139983940416,5.8412567596274005,5.834675422811869,OFF,0.0
0.36,-0.01599353805910168,5.842775006478356,5.8358448772647815,OFF,0.0
0.38,-0.017947141382403744,5.844345429832923,5.837086065142369,OFF,0.0
0.4,-0.01994110349787154,5.84595877609893,5.838411447737057,OFF,0.0
0.42,-0.021956303181469933,5.847616231837112,5.83979801746186,OFF,0.0
0.44,-0.023995448571650976,5.849301952186775,5.8412567596274005,OFF,0.0
0.46,-0.02605303088860819,5.851023312646141,5.842775006478356,OFF,0.0
0.48,-0.02814491600883736,5.852779096002651,5.844345429832923,OFF,0.0
0.5,-0.030274324700457066,5.854585534472747,5.84595877609893,OFF,0.0
0.52,-0.03244146710423081,5.856459856946977,5.847616231837112,OFF,0.0
0.54,-0.03465672367257308,5.858399487008737,5.849301952186775,OFF,0.0
0.56,-0.036917897442783634,5.860421345224782,5.851023312646141,OFF,0.0
0.58,-0.03922636995979615,5.862525278814828,5.852779096002651,OFF,0.0
0.6,-0.041580204612956306,5.864715608373149,5.854585534472747,OFF,0.0
0.62,-0.04398867896620372,5.866988206214376,5.856459856946977,OFF,0.0
0.64,-0.046446462609577896,5.8693437374313175,5.858399487008737,OFF,0.0
0.66,-0.04894864208574711,5.871783320036962,5.860421345224782,OFF,0.0
0.68,-0.05149966227789895,5.874297761656233,5.862525278814828,OFF,0.0
0.7,-0.054086939684862695,5.876889369738697,5.864715608373149,OFF,0.0
0.72,-0.05670850519539842,5.879540771078704,5.866988206214376,OFF,0.0
0.74,-0.05934688797345171,5.882234295554111,5.8693437374313175,OFF,0.0
0.76,-0.061990041660630164,5.884940063311025,5.871783320036962,OFF,0.0
0.78,-0.06462510498062189,5.8876215413002795,5.874297761656233,OFF,0.0
0.8,-0.06731432507663625,5.890212268446178,5.876889369738697,OFF,0.0
0.82,-0.0700843272652434,5.892798023788847,5.879540771078704,OFF,0.0
0.84,-0.07296290029346489,5.895329748018676,5.882234295554111,OFF,0.0
0.86,-0.07571309396269639,5.89777546398373,5.884940063311025,OFF,0.0
0.88,-0.07824955749198208,5.899851754171099,5.8876215413002795,OFF,0.0
0.9,-0.08068578483342785,5.901472570973051,5.890212268446178,OFF,0.0
0.92,-0.08316868156925916,5.902744318366453,5.892798023788847,OFF,0.0
0.94,-0.08602073259775907,5.903832351249065,5.895329748018676,OFF,0.0
0.96,-0.08893283639102972,5.905150711322458,5.89777546398373,OFF,0.0
0.98,-0.09129395993765066,5.906495707941228,5.899851754171099,OFF,0.0
1.0,-0.09334804752664458,5.907447285866685,5.901472570973051,OFF,0.0
1.02,-0.09554475119450645,5.908325578244627,5.902744318366453,OFF,0.010000000000000009
1.04,-0.09777659473668324,5.9096265488943684,5.903832351249065,OFF,0.020000000000000018
1.06,-0.09980325695824155,5.911289189885832,5.905150711322458,OFF,0.030000000000000027
1.08,-0.10159651335142428,5.913064800932093,5.906495707941228,OFF,0.040000000000000036
1.1,-0.10316115919122462,5.9148175277395065,5.907447285866685,OFF,0.050000000000000044
1.12,-0.10463758431432664,5.91655695131994,5.908325578244627,OFF,0.06000000000000005
1.14,-0.10629817776727318,5.918261223307682,5.9096265488943684,OFF,0.07000000000000006
1.16,-0.10768473142381133,5.92011970102864,5.911289189885832,OFF,0.07999999999999996
1.18,-0.10891446085384811,5.921870980869767,5.913064800932093,OFF,0.08999999999999997
1.2,-0.11053537805728311,5.923450672519437,5.9148175277395065,OFF,0.09999999999999998
1.22,-0.11278582797145985,5.925396135776678,5.91655695131994,OFF,0.10999999999999999
1.24,-0.11519504018060527,5.927803932914607,5.918261223307682,OFF,0.12
1.26,-0.11743865116056841,5.9301737947126165,5.92011970102864,OFF,0.13
1.28,-0.1194727744410788,5.932181446030011,5.921870980869767,OFF,0.14
1.3,-0.12136792848683986,5.93376355533134,5.923450672519437,OFF,0.15000000000000002
1.32,-0.1232472590273975,5.935003756145152,5.925396135776678,OFF,0.16000000000000003
1.34,-0.12519084484983295,5.936007819514508,5.927803932914607,OFF,0.17000000000000004
1.36,-0.12731859051979286,5.936889717443371,5.9301737947126165,OFF,0.18000000000000005
1.38,-0.1297801211588272,5.937813641204636,5.932181446030011,OFF,0.19000000000000006
1.4,-0.1322914092080489,5.939103793324319,5.93376355533134,OFF,0.20000000000000007
1.42,-0.13386719240740919,5.940717917759626,5.935003756145152,OFF,0.20999999999999996
1.44,-0.13479951071738336,5.941641910876713,5.936007819514508,OFF,0.21999999999999997
1.46,-0.13540252555451862,5.9421285970197495,5.936889717443371,OFF,0.22999999999999998
1.48,-0.13550127737520032,5.942555269739741,5.937813641204636,OFF,0.24
1.5,-0.13521879149215998,5.942796401817016,5.939103793324319,OFF,0.25
1.52,-0.13471148426498342,5.9428686266862485,5.940717917759626,OFF,0.26
1.54,-0.13405063527506586,5.94285372073074,5.941641910876713,OFF,0.27
1.56,-0.1332441186747745,5.9428298443110625,5.9421285970197495,OFF,0.28
1.58,-0.13243541594742933,5.942834027581681,5.942555269739741,OFF,0.29000000000000004
1.6,-0.131586675363715,5.9429291717671,5.942796401817016,OFF,0.30000000000000004
1.62,-0.1302242575541161,5.943032807823392,5.9428686266862485,OFF,0.31000000000000005
1.64,-0.1288586039901366,5.942757847587279,5.94285372073074,OFF,0.32000000000000006
1.66,-0.12804167711107653,5.9424989298333415,5.9428298443110625,OFF,0.33000000000000007
1.68,-0.12752758053793165,5.9426000084106025,5.942834027581681,OFF,0.33999999999999997
1.7,-0.1269804456839886,5.94276199518114,5.9429291717671,OFF,0.35
1.72,-0.12624578743740714,5.942683860347257,5.943032807823392,OFF,0.36
1.74,-0.1252951638797717,5.942261373200961,5.942757847587279,OFF,0.37
1.76,-0.12419467689682263,5.941479469742979,5.9424989298333415,OFF,0.38
1.78,-0.1229794763014124,5.940406289863702,5.9426000084106025,OFF,0.39
1.8,-0.12162417286360466,5.9390778144709975,5.94276199518114,OFF,0.4
1.82,-0.12005543271407176,5.937498766344886,5.942683860347257,OFF,0.41000000000000003
1.84,-0.11820030851401442,5.935621891301202,5.942261373200961,OFF,0.42000000000000004
1.86,-0.11604987703658991,5.933381422250299,5.941479469742979,OFF,0.43000000000000005
1.88,-0.11359866081757293,5.930758253036626,5.940406289863702,OFF,0.44000000000000006
1.9,-0.11085814084986688,5.9277507680059305,5.9390778144709975,OFF,0.45000000000000007
1.92,-0.10777760212468264,5.924330909537813,5.937498766344886,OFF,0.45999999999999996
1.94,-0.1044759045250322,5.920512216817705,5.935621891301202,OFF,0.47
1.96,-0.10117288451588284,5.916414520153082,5.933381422250299,OFF,0.48
1.98,-0.09810589140421037,5.912250595665685,5.930758253036626,OFF,0.49
2.0,-0.0939076404061768,5.908769209817943,5.9277507680059305,OFF,0.5
2.02,-0.08869494105722472,5.9043026423682905,5.924330909537813,OFF,0.5
2.04,-0.08269661164700516,5.8991180567739345,5.920512216817705,OFF,0.5
2.06,-0.07605645249502936,5.893382607988834,5.916414520153082,OFF,0.5
2.08,-0.06907282599117036,5.887342761717319,5.912250595665685,OFF,0.5
2.1,-0.061999576999323014,5.881337084079435,5.908769209817943,OFF,0.5
2.12,-0.054850374912814866,5.875525489823603,5.9043026423682905,OFF,0.5
2.14,-0.04754819991428208,5.869898323316486,5.8991180567739345,OFF,0.5
2.16,-0.04002910215103263,5.864381335600977,5.893382607988834,OFF,0.5
2.18,-0.03222134239149689,5.858920746150137,5.887342761717319,OFF,0.5
2.2,-0.02400393100172591,5.853438413597617,5.881337084079435,OFF,0.5
2.22,-0.015345386490005433,5.847796008622462,5.875525489823603,OFF,0.5
2.24,-0.0061923293247112465,5.8419495229751135,5.869898323316486,OFF,0.5
2.26,0.002355047860187411,5.8356883321064705,5.864381335600977,OFF,0.5
2.28,0.010314394905130603,5.829952536287287,5.858920746150137,OFF,0.5
2.3,0.018123860897127496,5.824733426597137,5.853438413597617,OFF,0.5
2.32,0.026053678972515135,5.819531757705711,5.847796008622462,OFF,0.5
2.34,0.034120521913002674,5.814105282027274,5.8419495229751135,OFF,0.5
2.36,0.04231109126187075,5.808379058852382,5.8356883321064705,OFF,0.5
2.38,0.05054979320932332,5.802330417609273,5.829952536287287,OFF,0.5
2.4,0.05874635041364051,5.7959752758066765,5.824733426597137,OFF,0.5
2.42,0.0670065865403302,5.789398000463713,5.819531757705711,OFF,0.5
2.44,0.07549211487887655,5.782564934836332,5.814105282027274,OFF,0.5
2.46,0.08435717621349736,5.775405677696164,5.808379058852382,OFF,0.5
2.48,0.0937784731544923,5.76785350642257,5.802330417609273,OFF,0.5
2.5,0.10378867516117665,5.75980708689612,5.7959752758066765,OFF,0.5
2.52,0.11425609313745927,5.751245885399387,5.789398000463713,OFF,0.5
2.54,0.1251547913600168,5.7422529178052075,5.782564934836332,OFF,0.5
2.56,0.13650155532861055,5.732826399068672,5.775405677696164,OFF,0.5
2.58,0.1479527193062347,5.722905565732839,5.76785350642257,OFF,0.5
2.6,0.15885732060158717,5.712748702660996,5.75980708689612,OFF,0.5
2.62,0.1692494613718403,5.703201789596945,5.751245885399387,OFF,0.5
2.64,0.17958682556597236,5.694074487888187,5.7422529178052075,OFF,0.5
2.66,0.18995667570721825,5.684914930896755,5.732826399068672,OFF,0.5
2.68,0.20030515501831403,5.675884307600801,5.722905565732839,OFF,0.5
2.7,0.2105164230143843,5.666997507251873,5.712748702660996,OFF,0.5
2.72,0.220583844281208,5.65840448824732,5.703201789596945,OFF,0.5
2.74,0.2304663139740389,5.650118305808886,5.694074487888187,OFF,0.5
2.76,0.24019010760965193,5.642160709178356,5.684914930896755,OFF,0.5
2.78,0.24973327708886697,5.634527894355873,5.675884307600801,OFF,0.5
2.8,0.25923221424467335,5.627224426702095,5.666997507251873,OFF,0.5
2.82,0.26892048053819007,5.620133459619884,5.65840448824732,OFF,0.5
2.84,0.2789047329987344,5.6130600862341415,5.650118305808886,OFF,0.5
2.86,0.2892538355735249,5.6059597752417485,5.642160709178356,OFF,0.5
2.88,0.299646750819932,5.598678614598156,5.634527894355873,OFF,0.5
2.9,0.30852469688049455,5.59103141274365,5.627224426702095,OFF,0.5
2.92,0.316446951494452,5.584787495423163,5.620133459619884,OFF,0.5
2.94,0.3240723000422461,5.579547993797144,5.6130600862341415,OFF,0.5
2.96,0.3316075001317364,5.574513397826327,5.6059597752417485,OFF,0.5
2.98,0.33915978025333315,5.569378680050729,5.598678614598156,OFF,0.5
3.0,0.3467234318333735,5.563956325850422,5.59103141274365,OFF,0.5
3.02,0.354202775472684,5.558206003891765,5.584787495423163,OFF,0.5
3.04,0.36156288467937264,5.552224183779051,5.579547993797144,OFF,0.5
3.06,0.3688620492799271,5.546093358021589,5.574513397826327,OFF,0.5
3.08,0.3762154346986237,5.539808781322332,5.569378680050729,OFF,0.5
3.1,0.3837594001456013,5.533341777955864,5.563956325850422,OFF,0.5
3.12,0.3915667129760183,5.526591013239176,5.558206003891765,OFF,0.5
3.14,0.39967778311047836,5.519504361685823,5.552224183779051,OFF,0.5
3.16,0.40814001243451936,5.51203059783605,5.546093358021589,OFF,0.5
3.18,0.416963566531712,5.504120682262318,5.539808781322332,OFF,0.5
3.2,0.4261713957493191,5.495756938344239,5.533341777955864,OFF,0.5
3.22,0.4358074418172118,5.486924578260807,5.526591013239176,OFF,0.5
3.24,0.44588070587701684,5.477578152053547,5.519504361685823,OFF,0.5
3.26,0.4562326121918491,5.4677293526385915,5.51203059783605,OFF,0.5
3.28,0.4663200929813495,5.457485940977754,5.504120682262318,OFF,0.5
3.3,0.476303508510562,5.447534831192831,5.495756938344239,OFF,0.5
3.32,0.48659262788688695,5.437973020308228,5.486924578260807,OFF,0.5
3.34,0.4973900774102481,5.428183241453236,5.477578152053547,OFF,0.5
3.36,0.5087245478965938,5.418041842127879,5.4677293526385915,OFF,0.5
3.38,0.5203098270381036,5.407747419455881,5.457485940977754,OFF,0.5
3.4,0.5318513876762168,5.397570826538621,5.447534831192831,OFF,0.5
3.42,0.5432368067231362,5.387736154499628,5.437973020308228,OFF,0.5
3.44,0.5544281732419558,5.378216440098272,5.428183241453236,OFF,0.5
3.46,0.5654179479260444,5.36905826845119,5.418041842127879,OFF,0.5
3.48,0.5763153643296127,5.360252276087289,5.407747419455881,OFF,0.5
3.5,0.5872778155545673,5.351702823235321,5.397570826538621,OFF,0.5
3.52,0.5984378840939476,5.343283336084797,5.387736154499628,OFF,0.5
3.54,0.6098478040501447,5.334863967165459,5.378216440098272,OFF,0.5
3.56,0.6213405741064212,5.326417664215916,5.36905826845119,OFF,0.5
3.58,0.63230347319547,5.31803852132211,5.360252276087289,OFF,0.5
3.6,0.6423361821464628,5.309601135990936,5.351702823235321,OFF,0.5
3.62,0.6519427719693044,5.302085367638684,5.343283336084797,OFF,0.5
3.64,0.6616276737352853,5.295058419614589,5.334863967165459,OFF,0.5
3.66,0.6713985590819358,5.288019959307414,5.326417664215916,OFF,0.5
3.68,0.6812010611761194,5.280822673883659,5.31803852132211,OFF,0.5
3.7,0.6908890708651538,5.273341214296064,5.309601135990936,OFF,0.5
3.72,0.7003265698647686,5.2655883237163055,5.302085367638684,OFF,0.5
3.74,0.7095824468806247,5.257671634023126,5.295058419614589,OFF,0.5
3.76,0.7188854863708607,5.249604395655736,5.288019959307414,OFF,0.5
3.78,0.7284716803848129,5.241264554418179,5.280822673883659,OFF,0.5
3.8,0.7385304971296595,5.232548296921725,5.273341214296064,OFF,0.5
3.82,0.7489935864162873,5.223358819244584,5.2655883237163055,OFF,0.5
3.84,0.7597966671111461,5.2138095298652525,5.257671634023126,OFF,0.5
3.86,0.770850080935196,5.203961973822417,5.249604395655736,OFF,0.5
3.88,0.7819091509768619,5.193809644257178,5.241264554418179,OFF,0.5
3.9,0.7927542836515608,5.183899381856715,5.232548296921725,OFF,0.5
3.92,0.8029518065772857,5.174518285424024,5.223358819244584,OFF,0.5
3.94,0.8129508966436003,5.165752778887228,5.2138095298652525,OFF,0.5
3.96,0.8230504625938388,5.157272758455824,5.203961973822417,OFF,0.5
3.98,0.8331833959040755,5.148990867797719,5.193809644257178,OFF,0.5
4.0,0.8432721271692573,5.140910125386038,5.183899381856715,OFF,0.5
4.02,0.8533929899562923,5.133078834468529,5.174518285424024,OFF,0.5
4.04,0.8634437282390949,5.125428373006273,5.165752778887228,OFF,0.5
4.06,0.8733350969944826,5.118014094553169,5.157272758455824,OFF,0.5
4.08,0.8830924796044882,5.110941874860534,5.148990867797719,OFF,0.5
4.1,0.8928256581105244,5.104183571617679,5.140910125386038,OFF,0.5
4.12,0.9026604491357213,5.097639721271281,5.133078834468529,OFF,0.5
4.14,0.9126871629603335,5.0912056400389405,5.125428373006273,OFF,0.5
4.16,0.9228583064154475,5.084829807091688,5.118014094553169,OFF,0.5
4.18,0.9332363608406934,5.075008251208057,5.110941874860534,OFF,0.5
4.2,0.9426813033550588,5.059006871267933,5.104183571617679,OFF,0.5
4.22,0.9511203162246207,5.043508919005537,5.097639721271281,OFF,0.5
4.24,0.9591410621732823,5.0291064344352705,5.0912056400389405,OFF,0.5
4.26,0.9669908548956259,5.015090185452876,5.084829807091688,OFF,0.5
4.28,0.9747425855802094,5.001082097849287,5.075008251208057,OFF,0.5
4.3,0.9824548231154293,4.986921773989552,5.059006871267933,OFF,0.5
4.32,0.9900655118089037,4.972497707640331,5.043508919005537,OFF,0.5
4.34,0.9975826878757814,4.957854136125941,5.0291064344352705,OFF,0.5
4.36,1.0050521648986979,4.943007844699868,5.015090185452876,OFF,0.5
4.38,1.012578332824115,4.927978096758226,5.001082097849287,OFF,0.5
4.4,1.0202854407471205,4.912729280391219,4.986921773989552,OFF,0.5
4.42,1.028276042352355,4.8972041223888585,4.972497707640331,OFF,0.5
4.44,1.0366053157925255,4.8813433282844345,4.957854136125941,OFF,0.5
4.46,1.0453130773558914,4.865114950811947,4.943007844699868,OFF,0.5
4.48,1.054400105692241,4.848468806221888,4.927978096758226,OFF,0.5
4.5,1.063900581048359,4.831384496791162,4.912729280391219,OFF,0.5
4.52,1.073837761682139,4.813821563343315,4.8972041223888585,OFF,0.5
4.54,1.0842399480304652,4.795747635513347,4.8813433282844345,OFF,0.5
4.56,1.095140788795855,4.77712739685829,4.865114950811947,OFF,0.5
4.58,1.1065606855795003,4.757949585797434,4.848468806221888,OFF,0.5
4.6,1.1184080357090163,4.738190340683658,4.831384496791162,OFF,0.5
4.62,1.130225046250733,4.717921229965335,4.813821563343315,OFF,0.5
4.64,1.1415805610188559,4.697574011996384,4.795747635513347,OFF,0.5
4.66,1.1525476160108152,4.677890941828797,4.77712739685829,OFF,0.5
4.68,1.1638180842163788,4.658345320058809,4.757949585797434,OFF,0.5
4.7,1.1756686508372869,4.638658414991968,4.738190340683658,OFF,0.5
4.72,1.1877919123890202,4.6188703466281575,4.717921229965335,OFF,0.5
4.74,1.1997944537981007,4.59915303921609,4.697574011996384,OFF,0.5
4.76,1.211513326037316,4.579749665222813,4.677890941828797,OFF,0.5
4.78,1.2229136766689992,4.560700186228106,4.658345320058809,OFF,0.5
4.8,1.2340827924902327,4.542033638667345,4.638658414991968,OFF,0.5
4.82,1.245242862704904,4.523702125227555,4.6188703466281575,OFF,0.5
4.84,1.2565795344132193,4.505552373848788,4.59915303921609,OFF,0.5
4.86,1.2681626602690503,4.487430156087076,4.579749665222813,OFF,0.5
4.88,1.2798357192069796,4.469336828728108,4.560700186228106,OFF,0.5
4.9,1.2908823644531988,4.451321358228865,4.542033638667345,OFF,0.5
4.92,1.3009072148289662,4.433524499891928,4.523702125227555,OFF,0.5
4.94,1.310439667655556,4.416738165751571,4.505552373848788,OFF,0.5
4.96,1.3198734332261857,4.400475795295456,4.487430156087076,OFF,0.5
4.98,1.3293685266469515,4.384349886906293,4.469336828728108,OFF,0.5
5.0,1.3388575900404671,4.368087176362143,4.451321358228865,OFF,0.5
5.02,1.3481424524200256,4.351590051959854,4.433524499891928,OFF,0.5
5.04,1.357110107584842,4.334931886232976,4.416738165751571,OFF,0.5
5.06,1.3658646357215394,4.318229890947281,4.400475795295456,OFF,0.5
5.08,1.3746360026216013,4.301445153114288,4.384349886906293,OFF,0.5
5.1,1.3836691078299983,4.28445497834162,4.368087176362143,OFF,0.5
5.12,1.3930560940815164,4.267129671473327,4.351590051959854,OFF,0.5
5.14,1.402761104626341,4.249434844763079,4.334931886232976,OFF,0.5
5.16,1.412762120526934,4.2314615738800345,4.318229890947281,OFF,0.5
5.18,1.4228915392575774,4.213196439502681,4.301445153114288,OFF,0.5
5.2,1.433047626793425,4.194901704136928,4.28445497834162,OFF,0.5
5.22,1.442856376283903,4.176837190024917,4.267129671473327,OFF,0.5
5.24,1.4525178112140962,4.159571970245497,4.249434844763079,OFF,0.5
5.26,1.4623715550048968,4.142520983654854,4.2314615738800345,OFF,0.5
5.28,1.4724760703835023,4.1254454634865825,4.213196439502681,OFF,0.5
5.3,1.4826165493388959,4.1084393815746,4.194901704136928,OFF,0.5
5.32,1.4926475499648049,4.091665420142573,4.176837190024917,OFF,0.5
5.34,1.502602263722439,4.075240617791151,4.159571970245497,OFF,0.5
5.36,1.5124741453059773,4.059121944926945,4.142520983654854,OFF,0.5
5.38,1.5222598386297117,4.043304130547438,4.1254454634865825,OFF,0.5
5.4,1.5319810591085452,4.027759902786996,4.1084393815746,OFF,0.5
5.42,1.541713317569949,4.0124459845175,4.091665420142573,OFF,0.5
5.44,1.5515545357608325,3.9972664369688387,4.075240617791151,OFF,0.5
5.46,1.5615464167012336,3.9821291363292737,4.059121944926945,OFF,0.5
5.48,1.5716929643212705,3.9670242866485017,4.043304130547438,OFF,0.5
5.5,1.5820596932481263,3.9520315989909154,4.027759902786996,OFF,0.5
5.52,1.5916583167213243,3.9368528463227785,4.0124459845175,OFF,0.5
5.54,1.6003277260645918,3.922132494623229,3.9972664369688387,OFF,0.5
5.56,1.6085987622929927,3.9084237228529553,3.9821291363292737,OFF,0.5
5.58,1.6167583668215928,3.8950752865491234,3.9670242866485017,OFF,0.5
5.6,1.6248676452384956,3.8817067877667633,3.9520315989909154,OFF,0.5
5.62,1.632990519531361,3.8681949187934856,3.9368528463227785,OFF,0.5
5.64,1.6410626229484806,3.854439918344257,3.922132494623229,OFF,0.5
5.66,1.6490463945184548,3.840490473976886,3.9084237228529553,OFF,0.5
5.68,1.65700581564663,3.8264009712149005,3.8950752865491234,OFF,0.5
5.7,1.6650490589309814,3.8121503668385026,3.8817067877667633,OFF,0.5
5.72,1.6733127784799942,3.7976960033065184,3.8681949187934856,OFF,0.5
5.74,1.6818911833000203,3.7829518443374095,3.854439918344257,OFF,0.5
5.76,1.6908583625337057,3.7678697364901113,3.840490473976886,OFF,0.5
5.78,1.700267971411833,3.7524016726131215,3.8264009712149005,OFF,0.5
5.8,1.7101355023638856,3.736498798606778,3.8121503668385026,OFF,0.5
5.82,1.7204615880608356,3.72012556441317,3.7976960033065184,OFF,0.5
5.84,1.731279818385218,3.703255880938512,3.7829518443374095,OFF,0.5
5.86,1.742608246060165,3.685844969681346,3.7678697364901113,OFF,0.5
5.88,1.7544564372118576,3.667876460494548,3.7524016726131215,OFF,0.5
5.9,1.7665818556601964,3.6493332882691556,3.736498798606778,OFF,0.5
5.92,1.7783034822963983,3.6304226756941986,3.72012556441317,OFF,0.5
5.94,1.7894343372515378,3.6119322761137846,3.703255880938512,OFF,0.5
5.96,1.800452688988335,3.5939320494161375,3.685844969681346,OFF,0.5
5.98,1.811798074109284,3.5760279625651528,3.667876460494548,OFF,0.5
6.0,1.823383735953616,3.558052213529243,3.6493332882691556,OFF,0.5
6.02,1.8348852031503349,3.5400726750785356,3.6304226756941986,OFF,0.5
6.04,1.846114212475697,3.522353012589783,3.6119322761137846,OFF,0.5
6.06,1.857050778201127,3.5050270053320003,3.5939320494161375,OFF,0.5
6.08,1.8677480441709793,3.4881126903299333,3.5760279625651528,OFF,0.5
6.1,1.8783042492894189,3.4715604145132404,3.558052213529243,OFF,0.5
6.12,1.888928176866867,3.4552837730755046,3.5400726750785356,OFF,0.5
6.14,1.8998039919212066,3.439079033233233,3.522353012589783,OFF,0.5
6.16,1.9109445196078851,3.422814186253827,3.5050270053320003,OFF,0.5
6.18,1.9223766256525627,3.4065136704588825,3.4881126903299333,OFF,0.5
6.2,1.9327621795764833,3.3900123767225887,3.4715604145132404,OFF,0.5
6.22,1.9419699539123516,3.3742367592510485,3.4552837730755046,OFF,0.5
6.24,1.9507391284178657,3.3597345553074853,3.439079033233233,OFF,0.5
6.26,1.959391509771978,3.3457085032580407,3.422814186253827,OFF,0.5
6.28,1.9679944963325975,3.3317875034176025,3.4065136704588825,OFF,0.5
6.3,1.9766042512982185,3.3178094096307906,3.3900123767225887,OFF,0.5
6.32,1.9850829099877667,3.3036339659654046,3.3742367592510485,OFF,0.5
6.34,1.9933296861185053,3.2893704321074626,3.3597345553074853,OFF,0.5
6.36,2.00143326691069,3.2751491550500726,3.3457085032580407,OFF,0.5
6.38,2.009542685372369,3.2609267340217114,3.3317875034176025,OFF,0.5
6.4,2.0178873799767705,3.2465981990808324,3.3178094096307906,OFF,0.5
6.42,2.0266153204402166,3.232008425025424,3.3036339659654046,OFF,0.5
6.44,2.0357240587612697,3.2170329130321096,3.2893704321074626,OFF,0.5
6.46,2.0451478366164237,3.2016814306262167,3.2751491550500726,OFF,0.5
6.48,2.0548699537890105,3.186023932969508,3.2609267340217114,OFF,0.5
6.5,2.064791657752454,3.1700644233625233,3.2465981990808324,OFF,0.5
6.52,2.074563168701464,3.1538635298245103,3.232008425025424,OFF,0.5
6.54,2.0843617025112167,3.1380405867403884,3.2170329130321096,OFF,0.5
6.56,2.0940478648804133,3.122273303901229,3.2016814306262167,OFF,0.5
6.58,2.1040114056914234,3.1069563472672406,3.186023932969508,OFF,0.5
6.6,2.1143706204567723,3.0915308522595932,3.1700644233625233,OFF,0.5
6.62,2.124927098675485,3.07593138879623,3.1538635298245103,OFF,0.5
6.64,2.1354511596451675,3.0603793482386723,3.1380405867403884,OFF,0.5
6.66,2.145808936277063,3.0450709795547715,3.122273303901229,OFF,0.5
6.68,2.1560366752097426,3.0301177235482726,3.1069563472672406,OFF,0.5
6.7,2.1661595620404066,3.015477064897956,3.0915308522595932,OFF,0.5
6.72,2.1761887750176236,3.0011105281420623,3.07593138879623,OFF,0.5
6.74,2.1861945702928245,2.9869857116822396,3.0603793482386723,OFF,0.5
6.76,2.196295629788433,2.973010906566651,3.0450709795547715,OFF,0.5
6.78,2.206557584108208,2.9590594935061563,3.0301177235482726,OFF,0.5
6.8,2.216992963325576,2.9450557116005243,3.015477064897956,OFF,0.5
6.82,2.2276133510463483,2.931014313271585,3.0011105281420623,OFF,0.5
6.84,2.238291417187803,2.9169432315489883,2.9869857116822396,OFF,0.5
6.86,2.2478314280727654,2.9027511997889346,2.973010906566651,OFF,0.5
6.88,2.256670080483158,2.8896115317709086,2.9590594935061563,OFF,0.5
6.9,2.2654225343231924,2.8772605893940395,2.9450557116005243,OFF,0.5
6.92,2.274199156480594,2.8650002706366173,2.931014313271585,OFF,0.5
6.94,2.2829528968990638,2.8526656433856905,2.9169432315489883,OFF,0.5
6.96,2.2917113083730514,2.8402688734006727,2.9027511997889346,OFF,0.5
6.98,2.3003516676353963,2.827747952230487,2.8896115317709086,OFF,0.5
7.0,2.3088610009955457,2.815231673852662,2.8772605893940395,OFF,0.5
7.02,2.3173612697247514,2.8027605057772575,2.8650002706366173,OFF,0.5
7.04,2.3260141352903103,2.790245406683106,2.8526656433856905,OFF,0.5
7.06,2.3349849577014745,2.7775634856577947,2.8402688734006727,OFF,0.5
7.08,2.3443880676899695,2.7645844103057056,2.827747952230487,OFF,0.5
7.1,2.3542704621975754,2.751213424430824,2.815231673852662,OFF,0.5
7.12,2.364647090877748,2.7374100941845283,2.8027605057772575,OFF,0.5
7.14,2.3754546321936663,2.723150390247233,2.790245406683106,OFF,0.5
7.16,2.3866981779095995,2.7084842513024383,2.7775634856577947,OFF,0.5
7.18,2.398421012171748,2.6934026131808424,2.7645844103057056,OFF,0.5
7.2,2.410438515662093,2.6778603439889364,2.751213424430824,OFF,0.5
7.22,2.4221398226025777,2.662029466675888,2.7374100941845283,OFF,0.5
7.24,2.433355512994804,2.6466073284497433,2.723150390247233,OFF,0.5
7.26,2.4442581502668896,2.6317720388531165,2.7084842513024383,OFF,0.5
7.28,2.455278404277797,2.617266982471612,2.6934026131808424,OFF,0.5
7.3,2.4664963998279212,2.6027860930667215,2.6778603439889364,OFF,0.5
7.32,2.4777212232417987,2.588282953054531,2.662029466675888,OFF,0.5
7.34,2.4887975651543526,2.573931604834852,2.6466073284497433,OFF,0.5
7.36,2.4996618528115544,2.559867879415329,2.6317720388531165,OFF,0.5
7.38,2.510305351343483,2.5461412265044356,2.617266982471612,OFF,0.5
7.4,2.5207562561382626,2.5327607361301414,2.6027860930667215,OFF,0.5
7.42,2.531193513035934,2.5196848263167353,2.588282953054531,OFF,0.5
7.44,2.5417854341160537,2.506742614019232,2.573931604834852,OFF,0.5
7.46,2.5526726946757656,2.493760384678492,2.559867879415329,OFF,0.5
7.48,2.5638116276624774,2.480612765139774,2.5461412265044356,OFF,0.5
7.5,2.57467465024434,2.467337361008126,2.5327607361301414,OFF,0.5
7.52,2.584061184194141,2.4543089284948003,2.5196848263167353,OFF,0.5
7.54,2.59269174408411,2.44284237921535,2.506742614019232,OFF,0.5
7.56,2.601195457346403,2.432236972371254,2.493760384678492,OFF,0.5
7.58,2.6096529258396033,2.4218182241681236,2.480612765139774,OFF,0.5
7.6,2.6180790102268916,2.411484017958883,2.467337361008126,OFF,0.5
7.62,2.626475862374073,2.4011984553641352,2.4543089284948003,OFF,0.5
7.64,2.6346863791417987,2.390945885501975,2.44284237921535,OFF,0.5
7.66,2.6426853128657566,2.380900670757854,2.432236972371254,OFF,0.5
7.68,2.6506213061916886,2.371107601892574,2.4218182241681236,OFF,0.5
7.7,2.658655528653388,2.361441144013412,2.411484017958883,OFF,0.5
7.72,2.666951435747823,2.351757305825432,2.4011984553641352,OFF,0.5
7.74,2.6756185734129216,2.341906669646441,2.390945885501975,OFF,0.5
7.76,2.6846827483211917,2.3317888225055126,2.380900670757854,OFF,0.5
7.78,2.694095875604865,2.3213829437631666,2.371107601892574,OFF,0.5
7.8,2.703850062240753,2.3107411011527965,2.361441144013412,OFF,0.5
7.82,2.7139758168349806,2.299879375363193,2.351757305825432,OFF,0.5
7.84,2.7244320057207316,2.288773923933138,2.341906669646441,OFF,0.5
7.86,2.7346951562993067,2.277469995666177,2.3317888225055126,OFF,0.5
7.88,2.7448165672580824,2.26652365406945,2.3213829437631666,OFF,0.5
7.9,2.7548706549242796,2.2558706487575835,2.3107411011527965,OFF,0.5
7.92,2.765200349773155,2.2454430893104838,2.299879375363193,OFF,0.5
7.94,2.7759759631637686,2.235053002816441,2.288773923933138,OFF,0.5
7.96,2.787007973289933,2.224257134219479,2.277469995666177,OFF,0.5
7.98,2.798055631426061,2.2132131532793875,2.26652365406945,OFF,0.5
8.0,2.8090076732448472,2.202161238107737,2.2558706487575835,OFF,0.5
8.02,2.819835179951294,2.191210881808249,2.2454430893104838,OFF,0.5
8.04,2.8305050172651973,2.180391095738234,2.235053002816441,OFF,0.5
8.06,2.841041869624157,2.16973467333718,2.224257134219479,OFF,0.5
8.08,2.8515524559100287,2.159216647213445,2.2132131532793875,OFF,0.5
8.1,2.862160509518419,2.148730511869633,2.202161238107737,OFF,0.5
8.12,2.8729249340150567,2.138152888694567,2.191210881808249,OFF,0.5
8.14,2.883867492455268,2.1274247183960067,2.180391095738234,OFF,0.5
8.16,2.894907712648374,2.11652662212477,2.16973467333718,OFF,0.5
8.18,2.905325004635094,2.1055398802398315,2.159216647213445,OFF,0.5
8.2,2.9146650753781946,2.095161154839332,2.148730511869633,OFF,0.5
8.22,2.9235788287993776,2.085869359086809,2.138152888694567,OFF,0.5
8.24,2.932583521939463,2.077012102815681,2.1274247183960067,OFF,0.5
8.26,2.9416421505062806,2.0680647353586283,2.11652662212477,OFF,0.5
8.28,2.950681016514293,2.05905844846329,2.1055398802398315,OFF,0.5
8.3,2.9596564861447736,2.0500608897624,2.095161154839332,OFF,0.5
8.32,2.9684226782841847,2.0411121680057702,2.085869359086809,OFF,0.5
8.34,2.9770159793950604,2.032359105579079,2.077012102815681,OFF,0.5
8.36,2.985606039608825,2.023765789859256,2.0680647353586283,OFF,0.5
8.38,2.99442742760701,2.0151648487046394,2.05905844846329,OFF,0.5
8.4,3.0036418564468295,2.0063253124807088,2.0500608897624,OFF,0.5
8.42,3.013305404247856,1.9970873886866993,2.0411121680057702,OFF,0.5
8.44,3.023387335360217,1.9873962244925178,2.032359105579079,OFF,0.5
8.46,3.0338298404105113,1.9772829611226548,2.023765789859256,OFF,0.5
8.48,3.04467216197325,1.9668053126829117,2.0151648487046394,OFF,0.5
8.5,3.0558386983247066,1.9559236516178562,2.0063253124807088,OFF,0.5
8.52,3.066900758197847,1.9447121060796504,1.9970873886866993,OFF,0.5
8.54,3.0776839908756433,1.9336127315041698,1.9873962244925178,OFF,0.5
8.56,3.087895715669278,1.922797876417452,1.9772829611226548,OFF,0.5
8.58,3.0981208139321774,1.9125567313243246,1.9668053126829117,OFF,0.5
8.6,3.108628277749632,1.9023082735863563,1.9559236516178562,OFF,0.5
8.62,3.119302898590768,1.8917889470156672,1.9447121060796504,OFF,0.5
8.64,3.1299408203183,1.8811123324648664,1.9336127315041698,OFF,0.5
8.66,3.1404846217062383,1.870480415764442,1.922797876417452,OFF,0.5
8.68,3.1507958404532648,1.8599495086860698,1.9125567313243246,OFF,0.5
8.7,3.1608764859866363,1.8496573191807382,1.9023082735863563,OFF,0.5
8.72,3.1708470458087463,1.8396028911562199,1.8917889470156672,OFF,0.5
8.74,3.1808587503828556,1.829666618813336,1.8811123324648664,OFF,0.5
8.76,3.1910388929514495,1.8196975909332846,1.870480415764442,OFF,0.5
8.78,3.2013719820116853,1.8095694946500043,1.8599495086860698,OFF,0.5
8.8,3.2119205324989277,1.7993022748313139,1.8496573191807382,OFF,0.5
8.82,3.2221488150877655,1.7888312881416581,1.8396028911562199,OFF,0.5
8.84,3.2310030624801382,1.7786685884918643,1.829666618813336,OFF,0.5
8.86,3.2391797585400854,1.7698900671256819,1.8196975909332846,OFF,0.5
8.88,3.247246534406349,1.76180303435694,1.8095694946500043,OFF,0.5
8.9,3.2552594777501485,1.7538274631799113,1.7993022748313139,OFF,0.5
8.92,3.2632425616637217,1.7458990816861635,1.7888312881416581,OFF,0.5
8.94,3.2711817442062396,1.7379850688516707,1.7786685884918643,OFF,0.5
8.96,3.2789944707320395,1.7300951024490054,1.7698900671256819,OFF,0.5
8.98,3.2866695288588272,1.7223112910406924,1.76180303435694,OFF,0.5
9.0,3.2943180265339667,1.7146482614837593,1.7538274631799113,OFF,0.5
9.02,3.3020903880438195,1.7069963593020367,1.7458990816861635,OFF,0.5
9.04,3.3101097094739824,1.6992089856881316,1.7379850688516707,OFF,0.5
9.06,3.318482085743762,1.6911659882704773,1.7300951024490054,OFF,0.5
9.08,3.3272543795891627,1.6827624903859548,1.7223112910406924,OFF,0.5
9.1,3.3364448106578544,1.6739514604567216,1.7146482614837593,OFF,0.5
9.12,3.3460475258600773,1.6647133421025637,1.7069963593020367,OFF,0.5
9.14,3.3560904780583787,1.655053216069249,1.6992089856881316,OFF,0.5
9.16,3.366586477365014,1.644943778513207,1.6911659882704773,OFF,0.5
9.18,3.3775433428362587,1.6343729424819098,1.6827624903859548,OFF,0.5
9.2,3.3888566669207605,1.6233355380038776,1.6739514604567216,OFF,0.5
9.22,3.399905273910139,1.611934048310268,1.6647133421025637,OFF,0.5
9.24,3.4107050600244446,1.6008071271417132,1.655053216069249,OFF,0.5
9.26,3.4213319943400564,1.589941735614956,1.644943778513207,OFF,0.5
9.28,3.432296577359196,1.5792484593347567,1.6343729424819098,OFF,0.5
9.3,3.4437865672174217,1.5682296060199759,1.6233355380038776,OFF,0.5
9.32,3.455498888299745,1.5567031813994336,1.611934048310268,OFF,0.5
9.34,3.4671584656663437,1.5449701337274995,1.6008071271417132,OFF,0.5
9.36,3.4786554673728745,1.5333009269017963,1.589941735614956,OFF,0.5
9.38,3.4899004642036604,1.521801359985466,1.5792484593347567,OFF,0.5
9.4,3.5009193889286903,1.5105604418590828,1.5682296060199759,OFF,0.5
9.42,3.511859284525156,1.4995522094844846,1.5567031813994336,OFF,0.5
9.44,3.5228774548048585,1.4886318313152758,1.5449701337274995,OFF,0.5
9.46,3.5340591422149896,1.4776415963602927,1.5333009269017963,OFF,0.5
9.48,3.5453585650097446,1.4664965906326326,1.521801359985466,OFF,0.5
9.5,3.556746518835114,1.4552457987237852,1.5105604418590828,OFF,0.5
9.52,3.5671638115399635,1.443905199216906,1.4995522094844846,OFF,0.5
9.54,3.576733404853457,1.4335261800629164,1.4886318313152758,OFF,0.5
9.56,3.5860399784341537,1.424002305121472,1.4776415963602927,OFF,0.5
9.58,3.595422265031453,1.4147480152907068,1.4664965906326326,OFF,0.5
9.6,3.6048027665340627,1.4054187603086092,1.4552457987237852,OFF,0.5
9.62,3.6141483674367665,1.396083095052228,1.443905199216906,OFF,0.5
9.64,3.6232676634500356,1.3867637995316726,1.4335261800629164,OFF,0.5
9.66,3.632112490230341,1.3776496341654703,1.424002305121472,OFF,0.5
9.68,3.6408365626316366,1.3687891662643275,1.4147480152907068,OFF,0.5
9.7,3.649676242989668,1.3600335271433839,1.4054187603086092,OFF,0.5
9.72,3.6588789597638773,1.3511493300724302,1.396083095052228,OFF,0.5
9.74,3.6685271888217503,1.3418954044621934,1.3867637995316726,OFF,0.5
9.76,3.6785593026167698,1.3321922887613022,1.3776496341654703,OFF,0.5
9.78,3.688940255290282,1.3221031347628427,1.3687891662643275,OFF,0.5
9.8,3.6996713328255093,1.3116627606507203,1.3600335271433839,OFF,0.5
9.82,3.7104421345088565,1.3008682999512264,1.3511493300724302,OFF,0.5
9.84,3.7211685362485474,1.2900396773846152,1.3418954044621934,OFF,0.5
9.86,3.7314148277391235,1.27926441162094,1.3321922887613022,OFF,0.5
9.88,3.74146029787366,1.2689893324233423,1.3221031347628427,OFF,0.5
9.9,3.7517323970740093,1.2589189163441998,1.3116627606507203,OFF,0.5
9.92,3.7622550302568936,1.248629267425341,1.3008682999512264,OFF,0.5
9.94,3.772810690566272,1.2381014593441606,1.2900396773846152,OFF,0.5
9.96,3.7832983406600618,1.2275514163779433,1.27926441162094,OFF,0.5
9.98,3.793708637400922,1.2170800774619466,1.2689893324233423,OFF,0.5
10.0,3.80393793071942,1.206696891189813,1.2589189163441998,OFF,0.5
10.02,3.8140204756104494,1.196505680031825,1.248629267425341,OFF,0.5
10.04,3.824032545632159,1.186472574352792,1.2381014593441606,OFF,0.5
10.06,3.834101948135341,1.1765223193056094,1.2275514163779433,OFF,0.5
10.08,3.8443301212598553,1.166528195891092,1.2170800774619466,OFF,0.5
10.1,3.8547242589288566,1.156390276175923,1.206696891189813,OFF,0.5
10.12,3.8653139225768047,1.1461084900610334,1.196505680031825,OFF,0.5
10.14,3.875742757672273,1.135653620241315,1.186472574352792,OFF,0.5
10.16,3.88484969442272,1.1253455150785696,1.1765223193056094,OFF,0.5
10.18,3.8932814382157166,1.116375390418231,1.166528195891092,OFF,0.5
10.2,3.9016056930141376,1.1081023574900015,1.156390276175923,OFF,0.5
10.22,3.9098854402473697,1.0999395945197652,1.1461084900610334,OFF,0.5
10.24,3.9181736627496915,1.0918143966977334,1.135653620241315,OFF,0.5
10.26,3.926427595878462,1.0836607632507838,1.1253455150785696,OFF,0.5
10.28,3.934546637296238,1.0755127999446656,1.116375390418231,OFF,0.5
10.3,3.942558224895301,1.0674703546108386,1.1081023574900015,OFF,0.5
10.32,3.9505646332936646,1.0595085453499562,1.0999395945197652,OFF,0.5
10.34,3.9587071573871366,1.051529353001498,1.0918143966977334,OFF,0.5
10.36,3.9671494146940685,1.0433997151905463,1.0836607632507838,OFF,0.5
10.38,3.975966042931995,1.0349581086460735,1.0755127999446656,OFF,0.5
10.4,3.985219756339516,1.0261328645264332,1.0674703546108386,OFF,0.5
10.42,3.9949199761975214,1.0168611732721136,1.0595085453499562,OFF,0.5
10.44,4.00504480918339,1.0071306707877898,1.051529353001498,OFF,0.5
10.46,4.015627925924256,0.9969605497794558,1.0433997151905463,OFF,0.5
10.48,4.026691734011339,0.9863172761762338,1.0349581086460735,OFF,0.5
10.5,4.038267280861991,0.9751760480261856,1.0261328645264332,OFF,0.5
10.52,4.0502551799060695,0.9635077749419225,1.0168611732721136,OFF,0.5
10.54,4.0620464603013335,0.9514083332973798,1.0071306707877898,OFF,0.5
10.56,4.073433144134398,0.9395095744815662,0.9969605497794558,OFF,0.5
10.58,4.084380810454379,0.9280259922724156,0.9863172761762338,OFF,0.5
10.6,4.095499094921887,0.9169660503376758,0.9751760480261856,OFF,0.5
10.62,4.1070001909817755,0.9057551399164334,0.9635077749419225,OFF,0.5
10.64,4.118656542800025,0.8941923965199422,0.9514083332973798,OFF,0.5
10.66,4.130221525694656,0.8824998817695469,0.9395095744815662,OFF,0.5
10.68,4.141581035058147,0.8709157249138171,0.9280259922724156,OFF,0.5
10.7,4.152658548477537,0.8595509840418976,0.9169660503376758,OFF,0.5
10.72,4.16351886139722,0.8484796557896555,0.9057551399164334,OFF,0.5
10.74,4.174366831864276,0.8376400913827775,0.8941923965199422,OFF,0.5
10.76,4.185360840980866,0.8268287944595284,0.8824998817695469,OFF,0.5
10.78,4.196604006413299,0.8158879554479013,0.8709157249138171,OFF,0.5
10.8,4.2080121991415576,0.8047211030472811,0.8595509840418976,OFF,0.5
10.82,4.219006905285928,0.793416285696623,0.8484796557896555,OFF,0.5
10.84,4.228655480808369,0.782489686053109,0.8376400913827775,OFF,0.5
10.86,4.23767080366495,0.7729307330184287,0.8268287944595284,OFF,0.5
10.88,4.246617990603038,0.764019381412336,0.8158879554479013,OFF,0.5
10.9,4.255616293838559,0.7551829103050909,0.8047211030472811,OFF,0.5
10.92,4.264599761282741,0.7462859810811933,0.793416285696623,OFF,0.5
10.94,4.273472795347708,0.7373739162724897,0.782489686053109,OFF,0.5
10.96,4.282083132450114,0.7285269877931795,0.7729307330184287,OFF,0.5
10.98,4.2904724275188775,0.7199004024753805,0.764019381412336,OFF,0.5
11.0,4.298810452413676,0.7114566235110944,0.7551829103050909,OFF,0.5
11.02,4.3073223011038495,0.7030341455705815,0.7462859810811933,OFF,0.5
11.04,4.3162043416253795,0.6944169999392227,0.7373739162724897,OFF,0.5
11.06,4.325482731426197,0.6854185156306309,0.7285269877931795,OFF,0.5
11.08,4.335106119172673,0.6760161100583088,0.7199004024753805,OFF,0.5
11.1,4.345038174190952,0.6662630005869841,0.7114566235110944,OFF,0.5
11.12,4.355254180035047,0.6561949237392868,0.7030341455705815,OFF,0.5
11.14,4.36532722884447,0.6458304580622485,0.6944169999392227,OFF,0.5
11.16,4.375403310901429,0.6356388740243931,0.6854185156306309,OFF,0.5
11.18,4.385178157848782,0.6254573731151968,0.6760161100583088,OFF,0.5
11.2,4.395102091574672,0.6156143293474939,0.6662630005869841,OFF,0.5
11.22,4.405410722689777,0.6056327771800951,0.6561949237392868,OFF,0.5
11.24,4.415940081794075,0.5952885633307972,0.6458304580622485,OFF,0.5
11.26,4.426475085763778,0.5847511716185709,0.6356388740243931,OFF,0.5
11.28,4.436891046286909,0.5742334583805024,0.6254573731151968,OFF,0.5
11.3,4.447173971880584,0.5638585393480463,0.6156143293474939,OFF,0.5
11.32,4.457334809877293,0.5536438233886503,0.6056327771800951,OFF,0.5
11.34,4.467397252384831,0.5435801536025288,0.5952885633307972,OFF,0.5
11.36,4.477432168668823,0.5336454187434945,0.5847511716185709,OFF,0.5
11.38,4.487543200247351,0.5237700927651263,0.5742334583805024,OFF,0.5
11.4,4.497796985868283,0.5138527936179484,0.5638585393480463,OFF,0.5
11.42,4.5081765738570505,0.5038294098043002,0.5536438233886503,OFF,0.5
11.44,4.518751487410014,0.49373175426494603,0.5435801536025288,OFF,0.5
11.46,4.529438619121218,0.48350725882538603,0.5336454187434945,OFF,0.5
11.48,4.538971658644588,0.4731803607388028,0.5237700927651263,OFF,0.5
11.5,4.547756847485629,0.4640173683836309,0.5138527936179484,OFF,0.5
11.52,4.556391168532034,0.45566376597277236,0.5038294098043002,OFF,0.5
11.54,4.565010761710647,0.4474877606200802,0.49373175426494603,OFF,0.5
11.56,4.573596595171511,0.43932572485422644,0.48350725882538603,OFF,0.5
11.58,4.582174908376265,0.43117079737695,0.4731803607388028,OFF,0.5
11.6,4.5906552441702395,0.4229738851845019,0.4640173683836309,OFF,0.5
11.62,4.599009749299708,0.4148086092971431,0.45566376597277236,OFF,0.5
11.64,4.607350756498252,0.40670421969985726,0.4474877606200802,OFF,0.5
11.66,4.615834544482165,0.39855643409644326,0.43932572485422644,OFF,0.5
11.68,4.624610441628538,0.3902264426052305,0.43117079737695,OFF,0.5
11.7,4.633783752244485,0.3815785397036511,0.4229738851845019,OFF,0.5
11.72,4.643420598877503,0.37251906896006204,0.4148086092971431,OFF,0.5
11.74,4.653537848562684,0.36298292071974814,0.40670421969985726,OFF,0.5
11.76,4.664108704266012,0.35294705077789074,0.39855643409644326,OFF,0.5
11.78,4.675111041612303,0.34242981226110186,0.3902264426052305,OFF,0.5
11.8,4.686601177632825,0.3314369274232207,0.3815785397036511,OFF,0.5
11.82,4.698576459960692,0.31991472022258877,0.37251906896006204,OFF,0.5
11.84,4.710618891079978,0.3078560476954158,0.36298292071974814,OFF,0.5
11.86,4.722106691819623,0.2956869580524636,0.35294705077789074,OFF,0.5
11.88,4.7329734741471094,0.2841103161566004,0.34242981226110186,OFF,0.5
11.9,4.7439334755012705,0.27311143006301297,0.3314369274232207,OFF,0.5
11.92,4.755274587996694,0.2620195412952143,0.31991472022258877,OFF,0.5
11.94,4.766756128552163,0.25064353135697137,0.3078560476954158,OFF,0.5
11.96,4.778075820318312,0.23922520447482443,0.2956869580524636,OFF,0.5
11.98,4.789099002586662,0.2280518496591218,0.2841103161566004,OFF,0.5
12.0,4.799831306384385,0.2172477387231837,0.27311143006301297,OFF,0.5
12.02,4.810322158215754,0.2068212559481388,0.2620195412952143,OFF,0.5
12.04,4.820698659871246,0.19672785590328046,0.25064353135697137,OFF,0.5
12.06,4.831165509660013,0.18686068563628236,0.23922520447482443,OFF,0.5
12.08,4.8418909623246424,0.17703555772753726,0.2280518496591218,OFF,0.5
12.1,4.852859094626933,0.16715097448832622,0.2172477387231837,OFF,0.5
12.12,4.864069996201674,0.1573052792474302,0.2068212559481388,OFF,0.5
12.14,4.873982354846717,0.14737815607110288,0.19672785590328046,OFF,0.5
12.16,4.882846464160654,0.13872622291331949,0.18686068563628236,OFF,0.5
12.18,4.891357306125286,0.1313647115738712,0.17703555772753726,OFF,0.5
12.2,4.8998091621522555,0.12455660867263982,0.16715097448832622,OFF,0.5
12.22,4.908225410807086,0.11799543106601039,0.1573052792474302,OFF,0.5
12.24,4.916617518172427,0.11153765717447367,0.14737815607110288,OFF,0.5
12.26,4.924873902004456,0.10505012466993378,0.13872622291331949,OFF,0.5
12.28,4.932894657458338,0.09857557875844501,0.1313647115738712,OFF,0.5
12.3,4.9407858513578375,0.09219988565526402,0.12455660867263982,OFF,0.5
12.32,4.948741290010108,0.08587607200461131,0.11799543106601039,OFF,0.5
12.34,4.956939197952851,0.07954826135287277,0.11153765717447367,OFF,0.5
12.36,4.965501027469701,0.07320682824507774,0.10505012466993378,OFF,0.5
12.38,4.97447351484707,0.06692558941620556,0.09857557875844501,OFF,0.5
12.4,4.983787294718982,0.06088928353188734,0.09219988565526402,OFF,0.5
12.42,4.993440616952896,0.055420973886608875,0.08587607200461131,OFF,0.5
12.44,5.003451627202359,0.050889594756615,0.07954826135287277,OFF,0.5
12.46,5.013656740203356,0.04777856679936614,0.07320682824507774,OFF,0.5
12.48,5.023523851202704,0.04663962563923812,0.06692558941620556,OFF,0.5
12.5,5.03350078759572,0.04816153638399546,0.06088928353188734,OFF,0.5
12.52,5.043509206281294,0.052082338330365234,0.055420973886608875,OFF,0.5
12.54,5.053873905322541,0.057805537177326526,0.050889594756615,OFF,0.5
12.56,5.064694710514533,0.06506136751140235,0.04777856679936614,OFF,0.5
12.58,5.075683014944416,0.07374912095633468,0.04663962563923812,OFF,0.5
12.6,5.086603029095448,0.08332090137914484,0.04816153638399546,OFF,0.5
12.62,5.097393730288288,0.09333593439781938,0.052082338330365234,OFF,0.5
12.64,5.108043641291926,0.10354857961346178,0.057805537177326526,OFF,0.5
12.66,5.118559015005636,0.11386649295065387,0.06506136751140235,OFF,0.5
12.68,5.128981607129565,0.12423129635842893,0.07374912095633468,OFF,0.5
12.7,5.1394222903115505,0.1346319133577063,0.08332090137914484,OFF,0.5
12.72,5.1500049166364965,0.145143038522772,0.09333593439781938,OFF,0.5
12.74,5.160753945705312,0.15587496402021703,0.10354857961346178,OFF,0.5
12.76,5.1716743787342905,0.1668358503066694,0.11386649295065387,OFF,0.5
12.78,5.182624210214558,0.17806113094441367,0.12423129635842893,OFF,0.5
12.8,5.192563086000569,0.18927484631657815,0.1346319133577063,OFF,0.5
12.82,5.201760659479761,0.19945057305832237,0.145143038522772,OFF,0.5
12.84,5.210815186077853,0.20898470731332972,0.15587496402021703,OFF,0.5
12.86,5.219915599304263,0.21837457717419057,0.1668358503066694,OFF,0.5
12.88,5.228990970626877,0.22776408917773164,0.17806113094441367,OFF,0.5
12.9,5.2380621417666875,0.23703746731760536,0.18927484631657815,OFF,0.5
12.92,5.2470155117836885,0.2461680078913019,0.19945057305832237,OFF,0.5
12.94,5.255776629347056,0.2550597183151075,0.20898470731332972,OFF,0.5
12.96,5.264484543777117,0.2636505005635223,0.21837457717419057,OFF,0.5
12.98,5.273307849991502,0.2720991051603544,0.22776408917773164,OFF,0.5
13.0,5.282430721610256,0.2806054519344843,0.23703746731760536,OFF,0.5
13.02,5.291975191989496,0.2893707572792343,0.2461680078913019,OFF,0.5
13.04,5.301985099825358,0.2985361433649458,0.2550597183151075,OFF,0.5
13.06,5.312434498787451,0.3081541182088136,0.2636505005635223,OFF,0.5
13.08,5.3232719469792364,0.3182040009225278,0.2720991051603544,OFF,0.5
13.1,5.334527291087066,0.32863002913856076,0.2806054519344843,OFF,0.5
13.12,5.346137531269089,0.33946335225350954,0.2893707572792343,OFF,0.5
13.14,5.357541708049872,0.3506219033897977,0.2985361433649458,OFF,0.5
13.16,5.3686180423987695,0.3616469748867333,0.3081541182088136,OFF,0.5
13.18,5.379171334193564,0.3723954614949895,0.3182040009225278,OFF,0.5
13.2,5.389759659530715,0.38263153639637776,0.32863002913856076,OFF,0.5
13.22,5.400550370159697,0.3929482179162022,0.33946335225350954,OFF,0.5
13.24,5.411376566453023,0.40354159142601675,0.3506219033897977,OFF,0.5
13.26,5.422074769673338,0.41423271626032004,0.3616469748867333,OFF,0.5
13.28,5.432592695207255,0.42484486646315867,0.3723954614949895,OFF,0.5
13.3,5.4428897624685275,0.43531465587913953,0.38263153639637776,OFF,0.5
13.32,5.452948490436126,0.4456000261875933,0.3929482179162022,OFF,0.5
13.34,5.462908778037006,0.4556771752584533,0.40354159142601675,OFF,0.5
13.36,5.472951148400669,0.46568832219667666,0.41423271626032004,OFF,0.5
13.38,5.483227397630554,0.4758104986731619,0.42484486646315867,OFF,0.5
13.4,5.493677219161099,0.48619590742056473,0.43531465587913953,OFF,0.5
13.42,5.504439177490498,0.4968040794909711,0.4456000261875933,OFF,0.5
13.44,5.5141456392834876,0.5077243271941041,0.4556771752584533,OFF,0.5
13.46,5.522730677002008,0.5175479365554386,0.46568832219667666,OFF,0.5
13.48,5.5308566551515055,0.5263104529955701,0.4758104986731619,OFF,0.5
13.5,5.538876920192453,0.5346317127059881,0.48619590742056473,OFF,0.5
13.52,5.5468209262125425,0.542836720763722,0.4968040794909711,OFF,0.5
13.54,5.554753794194108,0.5509251237998304,0.5077243271941041,OFF,0.5
13.56,5.562600478876981,0.5589371925188753,0.5175479365554386,OFF,0.5
13.58,5.570311518789501,0.5667985541384878,0.5263104529955701,OFF,0.5
13.6,5.577915595879278,0.5744611249722187,0.5346317127059881,OFF,0.5
13.62,5.585539155603423,0.5819662240242347,0.542836720763722,OFF,0.5
13.64,5.593341946104936,0.5894528060784953,0.5509251237998304,OFF,0.5
13.66,5.601436425326112,0.5970916212833789,0.5589371925188753,OFF,0.5
13.68,5.609914650868055,0.6050015781217504,0.5667985541384878,OFF,0.5
13.7,5.618796399350754,0.6132761337144825,0.5744611249722187,OFF,0.5
13.72,5.6280792766534775,0.6219353631796847,0.5819662240242347,OFF,0.5
13.74,5.637767558450106,0.6309752941640078,0.5894528060784953,OFF,0.5
13.76,5.647889856580563,0.6404056078946824,0.5970916212833789,OFF,0.5
13.78,5.6584609107331385,0.6502588645299249,0.6050015781217504,OFF,0.5
13.8,5.669386788470799,0.6605559642736715,0.6132761337144825,OFF,0.5
13.82,5.680057909323039,0.6712060854928703,0.6219353631796847,OFF,0.5
13.84,5.690462171762346,0.6816341511101158,0.6309752941640078,OFF,0.5
13.86,5.700951373027595,0.6918496355279075,0.6404056078946824,OFF,0.5
13.88,5.711896177456799,0.7021689118015745,0.6502588645299249,OFF,0.5
13.9,5.723422368364735,0.7129675421151318,0.6605559642736715,OFF,0.5
13.92,5.735245401821155,0.7243886998799147,0.6712060854928703,OFF,0.5
13.94,5.747016577276979,0.7361424418541833,0.6816341511101158,OFF,0.5
13.96,5.758640156484662,0.7478706907108233,0.6918496355279075,OFF,0.5
13.98,5.77002650250418,0.7594682860041856,0.7021689118015745,OFF,0.5
14.0,5.781196128228113,0.7708423963092863,0.7129675421151318,OFF,0.5
14.02,5.792254696062579,0.7820134569408428,0.7243886998799147,OFF,0.5
14.04,5.803360902234276,0.7930871470250191,0.7361424418541833,OFF,0.5
14.06,5.8146058122297815,0.8042221949090131,0.7478706907108233,OFF,0.5
14.08,5.825997701173872,0.8155081503011242,0.7594682860041856,OFF,0.5
14.1,5.837451458073638,0.826958382882121,0.7708423963092863,OFF,0.5
14.12,5.84813578281412,0.8384775044873388,0.7820134569408428,OFF,0.5
14.14,5.857945376337341,0.8491945643070236,0.7930871470250191,OFF,0.5
14.16,5.867426064273855,0.8590552377038237,0.8042221949090131,OFF,0.5
14.18,5.877004918768053,0.8686008949640044,0.8155081503011242,OFF,0.5
14.2,5.88661566341455,0.8782452460762937,0.826958382882121,OFF,0.5
14.22,5.89620778976395,0.8879100267679562,0.8384775044873388,OFF,0.5
14.24,5.90563904939965,0.8975287609771768,0.8491945643070236,OFF,0.5
14.26,5.914808654874342,0.906952922589134,0.8590552377038237,OFF,0.5
14.28,5.923829919068019,0.9160851312130497,0.8686008949640044,OFF,0.5
14.3,5.932928093243134,0.9250464248199116,0.8782452460762937,OFF,0.5
14.32,5.942344340002695,0.9340676025498659,0.8879100267679562,OFF,0.5
14.34,5.952246136104395,0.9433970214552853,0.8975287609771768,OFF,0.5
14.36,5.96253972888331,0.9532095357460932,0.906952922589134,OFF,0.5
14.38,5.9731752647858265,0.9634137337348287,0.9160851312130497,OFF,0.5
14.4,5.9841517149263455,0.9739611427349383,0.9250464248199116,OFF,0.5
14.42,5.995162563153105,0.9848473564508282,0.9340676025498659,OFF,0.5
14.44,6.0060937186501855,0.9957777913761859,0.9433970214552853,OFF,0.5
14.46,6.0164505611871,1.006645056097197,0.9532095357460932,OFF,0.5
14.48,6.026583652388362,1.0169583917184621,0.9634137337348287,OFF,0.5
14.5,6.03678252306753,1.027053389869286,0.9739611427349383,OFF,0.5
14.52,6.047089499609293,1.0372262319109746,0.9848473564508282,OFF,0.5
14.54,6.057383016225241,1.0475202390624518,0.9957777913761859,OFF,0.5
14.56,6.067655385829715,1.0578124868455103,1.006645056097197,OFF,0.5
14.58,6.077869768091089,1.0680940915143096,1.0169583917184621,OFF,0.5
14.6,6.087871966205353,1.0783276893055984,1.027053389869286,OFF,0.5
14.62,6.09770628127238,1.0883587223344673,1.0372262319109746,OFF,0.5
14.64,6.107497416646839,1.0982320719652494,1.0475202390624518,OFF,0.5
14.66,6.117372236117925,1.1080734202788707,1.0578124868455103,OFF,0.5
14.68,6.127432858437369,1.118010211245579,1.0680940915143096,OFF,0.5
14.7,6.137652603575819,1.128146437464215,1.0783276893055984,OFF,0.5
14.72,6.14810677681772,1.1384626926221066,1.0883587223344673,OFF,0.5
14.74,6.157963318530556,1.14902089192289,1.0982320719652494,OFF,0.5
14.76,6.166516385762106,1.158959946202521,1.1080734202788707,OFF,0.5
14.78,6.174471081508463,1.1676257672952137,1.118010211245579,OFF,0.5
14.8,6.182263203293454,1.175709620708983,1.128146437464215,OFF,0.5
14.82,6.19000145565273,1.1836246848119085,1.1384626926221066,OFF,0.5
14.84,6.197767747050643,1.1914697171124602,1.14902089192289,OFF,0.5
14.86,6.205492383748691,1.1993186663818298,1.158959946202521,OFF,0.5
14.88,6.21312253899551,1.2070990005488964,1.1676257672952137,OFF,0.5
14.9,6.220669474336256,1.214757282762825,1.175709620708983,OFF,0.5
14.92,6.228217935001237,1.2223092508463884,1.1836246848119085,OFF,0.5
14.94,6.235907360205126,1.2292026347041232,1.1914697171124602,OFF,0.5
14.96,6.243860269353364,1.2363446258555546,1.1993186663818298,OFF,0.5
14.98,6.25215718540122,1.2439679378311603,1.2070990005488964,OFF,0.5
15.0,6.260844108519673,1.2521572273152453,1.214757282762825,OFF,0.5
15.02,6.269923104798668,1.260961705402189,1.2223092508463884,OFF,0.5
15.04,6.279410269304984,1.2703883610757276,1.2292026347041232,OFF,0.5
15.06,6.289318329168337,1.280459271535297,1.2363446258555546,OFF,0.5
15.08,6.299684451815541,1.2911926821548954,1.2439679378311603,OFF,0.5
15.1,6.310533440683342,1.3026319033967835,1.2521572273152453,OFF,0.5
15.12,6.321873103700391,1.3148063884865977,1.260961705402189,OFF,0.5
15.14,6.333531251401949,1.327724849568791,1.2703883610757276,OFF,0.5
15.16,6.344830734264331,1.3412264699558945,1.280459271535297,OFF,0.5
15.18,6.355882768952799,1.3545713208203278,1.2911926821548954,OFF,0.5
15.2,6.366949801593091,1.3678624210664854,1.3026319033967835,OFF,0.5
15.22,6.378430951497161,1.3813957059762618,1.3148063884865977,OFF,0.5
15.24,6.390416933567827,1.395480834630149,1.327724849568791,OFF,0.5
15.26,6.402562567146703,1.4101541501137371,1.3412264699558945,OFF,0.5
15.28,6.4146437658717534,1.4250556996935706,1.3545713208203278,OFF,0.5
15.3,6.4264992368693346,1.4399767691283272,1.3678624210664854,OFF,0.5
15.32,6.438037529402448,1.4547672639993912,1.3813957059762618,OFF,0.5
15.34,6.449386827862305,1.4693414187675822,1.395480834630149,OFF,0.5
15.36,6.460753702623408,1.4837954296257887,1.4101541501137371,OFF,0.5
15.38,6.472275451046008,1.4983097819943327,1.4250556996935706,OFF,0.5
15.4,6.483995289898721,1.5130215380107002,1.4399767691283272,OFF,0.5
15.42,6.495790796981647,1.5279357978472063,1.4547672639993912,OFF,0.5
15.44,6.506917843498182,1.542967453331687,1.4693414187675822,OFF,0.5
15.46,6.517127809571619,1.5575878535797025,1.4837954296257887,OFF,0.5
15.48,6.526892516973318,1.5713379540317267,1.4983097819943327,OFF,0.5
15.5,6.536639304614815,1.5847260520396702,1.5130215380107002,OFF,0.5
15.52,6.546485894355797,1.5981717891336489,1.5279357978472063,OFF,0.5
15.54,6.556336061793054,1.6118549292824689,1.542967453331687,OFF,0.5
15.56,6.56601208336143,1.6257565082810113,1.5575878535797025,OFF,0.5
15.58,6.575396718742042,1.6397820432701757,1.5713379540317267,OFF,0.5
15.6,6.584624611831766,1.6538187101974264,1.5847260520396702,OFF,0.5
15.62,6.59392790940203,1.6679813189968233,1.5981717891336489,OFF,0.5
15.64,6.603580452727883,1.6824518252075702,1.6118549292824689,OFF,0.5
15.66,6.613629327993693,1.6974618922913198,1.6257565082810113,OFF,0.5
15.68,6.623989912785629,1.7130059286043844,1.6397820432701757,OFF,0.5
15.7,6.634684022016781,1.728972811954977,1.6538187101974264,OFF,0.5
15.72,6.645529783698412,1.745381340891684,1.6679813189968233,OFF,0.5
15.74,6.656345563386351,1.7620513491861427,1.6824518252075702,OFF,0.5
15.76,6.666757758705817,1.7786042704939042,1.6974618922913198,OFF,0.5
15.78,6.6767494078278276,1.7945836212247432,1.7130059286043844,OFF,0.5
15.8,6.686698189111535,1.8102551787956767,1.728972811954977,OFF,0.5
15.82,6.69682608038545,1.8258506023402181,1.745381340891684,OFF,0.5
15.84,6.706983775138806,1.8415025583689226,1.7620513491861427,OFF,0.5
15.86,6.717087277717563,1.857096327866035,1.7786042704939042,OFF,0.5
15.88,6.727202256018777,1.8725547451728248,1.7945836212247432,OFF,0.5
15.9,6.73718512994572,1.887929990000508,1.8102551787956767,OFF,0.5
15.92,6.747035861444113,1.903103298667431,1.8258506023402181,OFF,0.5
15.94,6.756815004167802,1.9180668564219119,1.8415025583689226,OFF,0.5
15.96,6.766612141793752,1.9328746363215175,1.857096327866035,OFF,0.5
15.98,6.776569574314805,1.947616394313745,1.8725547451728248,OFF,0.5
16.0,6.786662450790027,1.9624151218103183,1.887929990000508,OFF,0.5
16.02,6.796908107957741,1.9772023987558112,1.903103298667431,OFF,0.5
16.04,6.807278328667172,1.9919800977817632,1.9180668564219119,OFF,0.5
16.06,6.8164844837032845,2.0070418304574535,1.9328746363215175,OFF,0.5
16.08,6.824807508122687,2.021125189531762,1.947616394313745,OFF,0.5
16.1,6.832818725381269,2.0342971935970517,1.9624151218103183,OFF,0.5
16.12,6.84072617034086,2.0472396356841687,1.9772023987558112,OFF,0.5
16.14,6.848592928558917,2.060240959719462,1.9919800977817632,OFF,0.5
16.16,6.8564404453127175,2.073424531330639,2.0070418304574535,OFF,0.5
16.18,6.864174559182618,2.086872048356213,2.021125189531762,OFF,0.5
16.2,6.871802972562056,2.100503210992695,2.0342971935970517,OFF,0.5
16.22,6.87940288050086,2.1143023360761624,2.0472396356841687,OFF,0.5
16.24,6.887082848115294,2.1283069528084027,2.060240959719462,OFF,0.5
16.26,6.894973979573863,2.142578110791792,2.073424531330639,OFF,0.5
16.28,6.903163850530008,2.1572011022814204,2.086872048356213,OFF,0.5
16.3,6.911724140306795,2.1722308480682275,2.100503210992695,OFF,0.5
16.32,6.920682096019846,2.187726897098584,2.1143023360761624,OFF,0.5
16.34,6.93005065981104,2.2037228905860484,2.1283069528084027,OFF,0.5
16.36,6.939855959698828,2.220246909265567,2.142578110791792,OFF,0.5
16.38,6.95011207121556,2.237336395558876,2.1572011022814204,OFF,0.5
16.4,6.960873711218782,2.2550192615788256,2.1722308480682275,OFF,0.5
16.42,6.972153907342903,2.2733358595675286,2.187726897098584,OFF,0.5
16.44,6.983928440990012,2.2922857603806936,2.2037228905860484,OFF,0.5
16.46,6.995891184252393,2.311856490569164,2.220246909265567,OFF,0.5
16.48,7.007424050881633,2.331786959355372,2.237336395558876,OFF,0.5
16.5,7.01851728922096,2.351219708729101,2.2550192615788256,OFF,0.5
16.52,7.02968505698103,2.37040935880287,2.2733358595675286,OFF,0.5
16.54,7.041352238413902,2.389695429744876,2.2922857603806936,OFF,0.5
16.56,7.05339447585621,2.409165583243318,2.311856490569164,OFF,0.5
16.58,7.065388006537321,2.4286944956739984,2.331786959355372,OFF,0.5
16.6,7.077159192314478,2.447989993992592,2.351219708729101,OFF,0.5
16.62,7.08863656429145,2.466986548030858,2.37040935880287,OFF,0.5
16.64,7.099847297098265,2.4856332855375682,2.389695429744876,OFF,0.5
16.66,7.110960375848114,2.503975619184001,2.409165583243318,OFF,0.5
16.68,7.122192067054766,2.522091690618706,2.4286944956739984,OFF,0.5
16.7,7.1336422254409175,2.540175722162844,2.447989993992592,OFF,0.5
16.72,7.1452794092880545,2.5582735983741465,2.466986548030858,OFF,0.5
16.74,7.15700628760535,2.5763239042741373,2.4856332855375682,OFF,0.5
16.76,7.167702160740464,2.594557893747644,2.503975619184001,OFF,0.5
16.78,7.1775026980519385,2.6121907502675126,2.522091690618706,OFF,0.5
16.8,7.187023266000719,2.62895318841835,2.540175722162844,OFF,0.5
16.82,7.196508493086488,2.645397869002548,2.5582735983741465,OFF,0.5
16.84,7.205963977535482,2.6618130261617523,2.5763239042741373,OFF,0.5
16.86,7.215324123822814,2.6783905257968255,2.594557893747644,OFF,0.5
16.88,7.224440993045612,2.695236033690515,2.6121907502675126,OFF,0.5
16.9,7.2332765272771855,2.7122685471777856,2.62895318841835,OFF,0.5
16.92,7.241999307816911,2.729425288283473,2.645397869002548,OFF,0.5
16.94,7.250849986823527,2.746813655099595,2.6618130261617523,OFF,0.5
16.96,7.2600170360137355,2.7645325994424157,2.6783905257968255,OFF,0.5
16.98,7.2695315809832675,2.7826845255401507,2.695236033690515,OFF,0.5
17.0,7.2793573904374105,2.8012253853665294,2.7122685471777856,OFF,0.5
17.02,7.289431530817198,2.820095335411666,2.729425288283473,OFF,0.5
17.04,7.299537266172879,2.839282956204027,2.746813655099595,OFF,0.5
17.06,7.30958846404854,2.858214686444482,2.7645325994424157,OFF,0.5
17.08,7.319311090498174,2.876839475839018,2.7826845255401507,OFF,0.5
17.1,7.329117173424401,2.8948218041917513,2.8012253853665294,OFF,0.5
17.12,7.339207385152709,2.912786931741429,2.820095335411666,OFF,0.5
17.14,7.349420265196715,2.9307476878409044,2.839282956204027,OFF,0.5
17.16,7.359597963618727,2.9485239419787366,2.858214686444482,OFF,0.5
17.18,7.369694431350357,2.9660263695358293,2.876839475839018,OFF,0.5
17.2,7.379726006642934,2.9832083604440323,2.8948218041917513,OFF,0.5
17.22,7.389702240430595,3.0001034175484733,2.912786931741429,OFF,0.5
17.24,7.39961428165317,3.016714743791805,2.9307476878409044,OFF,0.5
17.26,7.409523883056928,3.0330841640801496,2.9485239419787366,OFF,0.5
17.28,7.419515682684954,3.04928649388172,2.9660263695358293,OFF,0.5
17.3,7.429675071539989,3.0653960654724495,2.9832083604440323,OFF,0.5
17.32,7.439991299403486,3.0814692502718444,3.0001034175484733,OFF,0.5
17.34,7.450419381152333,3.097410647243928,3.016714743791805,OFF,0.5
17.36,7.460526048557605,3.1132541323392124,3.0330841640801496,OFF,0.5
17.38,7.469489141138302,3.1293236513340195,3.04928649388172,OFF,0.5
17.4,7.477849652126044,3.1441405728842957,3.0653960654724495,OFF,0.5
17.42,7.486135921412425,3.1583973090698483,3.0814692502718444,OFF,0.5
17.44,7.494449080483267,3.172788468998983,3.097410647243928,OFF,0.5
17.46,7.502795690877018,3.187442076608596,3.1132541323392124,OFF,0.5
17.48,7.5111163104533665,3.2024188409694125,3.1293236513340195,OFF,0.5
17.5,7.5193043578454,3.217734855846462,3.1441405728842957,OFF,0.5
17.52,7.527392147839023,3.2332887720325663,3.1583973090698483,OFF,0.5
17.54,7.535509737247422,3.2490427609685635,3.172788468998983,OFF,0.5
17.56,7.543786749630017,3.2650623858768477,3.187442076608596,OFF,0.5
17.58,7.552360892719985,3.281384038112409,3.2024188409694125,OFF,0.5
17.6,7.561320203877977,3.2980647863209023,3.217734855846462,OFF,0.5
17.62,7.5707067234586045,3.315132998925764,3.2332887720325663,OFF,0.5
17.64,7.580533875334738,3.332636018465432,3.2490427609685635,OFF,0.5
17.66,7.590800312088658,3.350609558184395,3.2650623858768477,OFF,0.5
17.68,7.601528115600827,3.369086192857146,3.281384038112409,OFF,0.5
17.7,7.612747729368443,3.38811681101268,3.2980647863209023,OFF,0.5
17.72,7.624494426424859,3.407715827739412,3.315132998925764,OFF,0.5
17.74,7.636691658938156,3.427900031587869,3.332636018465432,OFF,0.5
17.76,7.648734413773349,3.448659368944104,3.350609558184395,OFF,0.5
17.78,7.660247696134326,3.4693635746011324,3.369086192857146,OFF,0.5
17.8,7.671335399170525,3.489624482956174,3.38811681101268,OFF,0.5
17.82,7.6826569455302725,3.509714860839242,3.407715827739412,OFF,0.5
17.84,7.6943628895991125,3.529867643241009,3.427900031587869,OFF,0.5
17.86,7.706149499814448,3.550011972907137,3.448659368944104,OFF,0.5
17.88,7.717750153198027,3.569958883624355,3.4693635746011324,OFF,0.5
17.9,7.729070255324514,3.5895734635502143,3.489624482956174,OFF,0.5
17.92,7.740112028588981,3.608812782454834,3.509714860839242,OFF,0.5
17.94,7.750928008078912,3.6276862233781695,3.529867643241009,OFF,0.5
17.96,7.761721629467225,3.6462291303905383,3.550011972907137,OFF,0.5
17.98,7.772683178402686,3.6645884785137803,3.569958883624355,OFF,0.5
18.0,7.783947829976664,3.6829013862326407,3.5895734635502143,OFF,0.5
18.02,7.795529316378185,3.701175447346255,3.608812782454834,OFF,0.5
18.04,7.806643906158673,3.7194436447841306,3.6276862233781695,OFF,0.5
18.06,7.816328866949048,3.7377810574254617,3.6462291303905383,OFF,0.5
18.08,7.825326625421655,3.7547778154914755,3.6645884785137803,OFF,0.5
18.1,7.834257649057449,3.7711674791602263,3.6829013862326407,OFF,0.5
18.12,7.843239739414896,3.7875295554060617,3.701175447346255,OFF,0.5
18.14,7.852250251945604,3.80408256122292,3.7194436447841306,OFF,0.5
18.16,7.861184007286124,3.821000011467133,3.7377810574254617,OFF,0.5
18.18,7.869895326909857,3.838298780479019,3.7547778154914755,OFF,0.5
18.2,7.87840448234686,3.8558506384676563,3.7711674791602263,OFF,0.5
18.22,7.88688503425032,3.8735855096274148,3.7875295554060617,OFF,0.5
18.24,7.895543522041327,3.8915925066471453,3.80408256122292,OFF,0.5
18.26,7.904569193539906,3.9099491138722837,3.821000011467133,OFF,0.5
18.28,7.913991758604804,3.9287224731700765,3.838298780479019,OFF,0.5
18.3,7.923746512762541,3.9479118683052556,3.8558506384676563,OFF,0.5
18.32,7.933817657722479,3.967447466276633,3.8735855096274148,OFF,0.5
18.34,7.9440353722536985,3.987343614192537,3.8915925066471453,OFF,0.5
18.36,7.9541884001521295,4.007453321939576,3.9099491138722837,OFF,0.5
18.38,7.964169007681915,4.027218043025462,3.9287224731700765,OFF,0.5
18.4,7.973931218359938,4.0465226180874545,3.9479118683052556,OFF,0.5
18.42,7.98389821461209,4.065403447227479,3.967447466276633,OFF,0.5
18.44,7.994213704317258,4.084255090380054,3.987343614192537,OFF,0.5
18.46,8.004645743263312,4.103028859123722,4.007453321939576,OFF,0.5
18.48,8.01501048900932,4.121549850455253,4.027218043025462,OFF,0.5
18.5,8.025255462304987,4.13970105986859,4.0465226180874545,OFF,0.5
18.52,8.035363317711846,4.1574858747570556,4.065403447227479,OFF,0.5
18.54,8.045350183684915,4.174915328138963,4.084255090380054,OFF,0.5
18.56,8.05524673693335,4.19199906764334,4.103028859123722,OFF,0.5
18.58,8.06516283186434,4.208823219075943,4.121549850455253,OFF,0.5
18.6,8.075223505210701,4.2254921018137335,4.13970105986859,OFF,0.5
18.62,8.08543618362297,4.242106085174261,4.1574858747570556,OFF,0.5
18.64,8.095819174911112,4.258612709546939,4.174915328138963,OFF,0.5
18.66,8.106406964555903,4.274943141183088,4.19199906764334,OFF,0.5
18.68,8.116158453584662,4.287257420673039,4.208823219075943,OFF,0.5
18.7,8.125001123406072,4.292406224264811,4.2254921018137335,OFF,0.5
18.72,8.133494786540938,4.29666853626389,4.242106085174261,OFF,0.5
18.74,8.141924422505022,4.300667146790264,4.258612709546939,OFF,0.5
18.76,8.150318019093465,4.304817203246224,4.274943141183088,OFF,0.5
18.78,8.158729494299179,4.309227854914487,4.287257420673039,OFF,0.5
18.8,8.167089120135268,4.314006776255404,4.292406224264811,OFF,0.5
18.82,8.175339401724607,4.319117696757198,4.29666853626389,OFF,0.5
18.84,8.183557500510691,4.324492660950108,4.300667146790264,OFF,0.5
18.86,8.191857720250779,4.3301447509826945,4.304817203246224,OFF,0.5
18.88,8.200390685498354,4.336081120580175,4.309227854914487,OFF,0.5
18.9,8.209276450009511,4.342365403629523,4.314006776255404,OFF,0.5
18.92,8.218586798074682,4.349045264194896,4.319117696757198,OFF,0.5
18.94,8.228375850416107,4.356142915879403,4.324492660950108,OFF,0.5
18.96,8.238631336151574,4.3637069599415765,4.3301447509826945,OFF,0.5
18.98,8.249335971454618,4.371746991660541,4.336081120580175,OFF,0.5
19.0,8.260498072806248,4.380294432259958,4.342365403629523,OFF,0.5
19.02,8.272182879602406,4.3893710912064785,4.349045264194896,OFF,0.5
19.04,8.28419487876845,4.399035421673297,4.356142915879403,OFF,0.5
19.06,8.295931710769425,4.409177274840449,4.3637069599415765,OFF,0.5
19.08,8.307161154900081,4.419105549819032,4.371746991660541,OFF,0.5
19.1,8.31801562015661,4.428653312886856,4.380294432259958,OFF,0.5
19.12,8.329023723229476,4.438091443966418,4.3893710912064785,OFF,0.5
19.14,8.340343697641249,4.4474405000965245,4.399035421673297,OFF,0.5
19.16,8.35163100511329,4.456730227999023,4.409177274840449,OFF,0.5
19.18,8.362654746667422,4.465740635916762,4.419105549819032,OFF,0.5
19.2,8.373353735602807,4.4743619418674605,4.428653312886856,OFF,0.5
19.22,8.383805435148433,4.482579739650672,4.438091443966418,OFF,0.5
19.24,8.394057309603248,4.490420317048749,4.4474405000965245,OFF,0.5
19.26,8.404295233210773,4.497935254294171,4.456730227999023,OFF,0.5
19.28,8.41470176185866,4.505269250866088,4.465740635916762,OFF,0.5
19.3,8.425421494737101,4.512587672054275,4.4743619418674605,OFF,0.5
19.32,8.436411265451403,4.519908450278465,4.482579739650672,OFF,0.5
19.34,8.447067825576102,4.5272005621468026,4.490420317048749,OFF,0.5
19.36,8.456300399224315,4.534676674044106,4.497935254294171,OFF,0.5
19.38,8.464799412306053,4.540946341685806,4.505269250866088,OFF,0.5
19.4,8.473156443135453,4.546453351857979,4.512587672054275,OFF,0.5
19.42,8.481477717908824,4.551861668960935,4.519908450278465,OFF,0.5
19.44,8.489764201215817,4.5573830493029615,4.5272005621468026,OFF,0.5
19.46,8.497999301759746,4.563167883474522,4.534676674044106,OFF,0.5
19.48,8.506038729500006,4.569301935045587,4.540946341685806,OFF,0.5
19.5,8.513873823029009,4.575653594049816,4.546453351857979,OFF,0.5
19.52,8.521635083032589,4.582167525977238,4.551861668960935,OFF,0.5
19.54,8.529523207248392,4.5889065389051265,4.5573830493029615,OFF,0.5
19.56,8.537696300106745,4.595931690836387,4.563167883474522,OFF,0.5
19.58,8.546236202520383,4.603342181964184,4.569301935045587,OFF,0.5
19.6,8.555099464783352,4.611178634560225,4.575653594049816,OFF,0.5
19.62,8.564263795523543,4.61939224518851,4.582167525977238,OFF,0.5
19.64,8.57374364152971,4.6279734924564915,4.5889065389051265,OFF,0.5
19.66,8.583329459967699,4.636954670956651,4.595931690836387,OFF,0.5
19.68,8.592862951715098,4.646118079936464,4.603342181964184,OFF,0.5
19.7,8.602498913208528,4.654994406531422,4.611178634560225,OFF,0.5
19.72,8.612096316859352,4.6638373258237795,4.61939224518851,OFF,0.5
19.74,8.621976718862173,4.672219600420854,4.6279734924564915,OFF,0.5
19.76,8.632237821530888,4.680630412154329,4.636954670956651,OFF,0.5
19.78,8.642681755578526,4.6890379732758944,4.646118079936464,OFF,0.5
19.8,8.653060285377729,4.697254572622808,4.654994406531422,OFF,0.5
19.82,8.66330549812231,4.7051151584216635,4.6638373258237795,OFF,0.5
19.84,8.673428061444989,4.712608229500173,4.672219600420854,OFF,0.5
19.86,8.68347645265343,4.719764033607808,4.680630412154329,OFF,0.5
19.88,8.693456117023114,4.726608561880269,4.6890379732758944,OFF,0.5
19.9,8.703460781623374,4.733202147067413,4.697254572622808,OFF,0.5
19.92,8.713607083741381,4.739654955705972,4.7051151584216635,OFF,0.5
19.94,8.72392312555731,4.746080353221308,4.712608229500173,OFF,0.5
19.96,8.734422876853248,4.75250853544239,4.719764033607808,OFF,0.5
19.98,8.745076376159393,4.758868685730128,4.726608561880269,OFF,0.5
20.0,8.7550083113258,4.765340525655411,4.733202147067413,OFF,0.5
20.02,8.764094187138348,4.771585373157549,4.739654955705972,OFF,0.5
20.04,8.772886194642904,4.7769640573010825,4.746080353221308,OFF,0.5
20.06,8.781637000211697,4.782110771420219,4.75250853544239,OFF,0.5
20.08,8.790368194692295,4.787394284771669,4.758868685730128,OFF,0.5
20.1,8.799147096551494,4.792895799666976,4.765340525655411,OFF,0.5
20.12,8.807881309825497,4.798765596885755,4.771585373157549,OFF,0.5
20.14,8.816491817294658,4.804941606080886,4.7769640573010825,OFF,0.5
20.16,8.825055958923606,4.811321186402073,4.782110771420219,OFF,0.5
20.18,8.833717208867109,4.8179544606989175,4.787394284771669,OFF,0.5
20.2,8.842663672068682,4.824865356812082,4.792895799666976,OFF,0.5
20.22,8.85203026218375,4.832144854881046,4.798765596885755,OFF,0.5
20.24,8.861884220763244,4.8398513421184415,4.804941606080886,OFF,0.5
20.26,8.872240760720452,4.848023967560494,4.811321186402073,OFF,0.5
20.28,8.883031787637186,4.856697188494782,4.8179544606989175,OFF,0.5
20.3,8.89423674208405,4.86584640876551,4.824865356812082,OFF,0.5
20.32,8.905903781131828,4.875480889649051,4.832144854881046,OFF,0.5
20.34,8.917786891499846,4.885657768033027,4.8398513421184415,OFF,0.5
20.36,8.929192073288434,4.896208922176917,4.848023967560494,OFF,0.5
20.38,8.940094409182949,4.906194213407944,4.856697188494782,OFF,0.5
20.4,8.950831863455985,4.915715885631164,4.86584640876551,OFF,0.5
20.42,8.961679236710895,4.925269898364383,4.875480889649051,OFF,0.5
20.44,8.972635970438619,4.934744568101999,4.885657768033027,OFF,0.5
20.46,8.983541427977574,4.944083905742266,4.896208922176917,OFF,0.5
20.48,8.994321458024187,4.9531707178670965,4.906194213407944,OFF,0.5
20.5,9.004916544130966,4.961978066383456,4.915715885631164,OFF,0.5
20.52,9.015298007099851,4.97047929460919,4.925269898364383,OFF,0.5
20.54,9.025478588216743,4.978649315391477,4.934744568101999,OFF,0.5
20.56,9.035627714271111,4.9864953444964355,4.944083905742266,OFF,0.5
20.58,9.045928378385598,4.994146824490545,4.9531707178670965,OFF,0.5
20.6,9.056529039190881,5.00176128720468,4.961978066383456,OFF,0.5
20.62,9.067392722677077,5.009431776719862,4.97047929460919,OFF,0.5
20.64,9.078363243719311,5.017090391790438,4.978649315391477,OFF,0.5
20.66,9.087757804535544,5.024997970259609,4.9864953444964355,OFF,0.5
20.68,9.096191823525894,5.031736677890018,4.994146824490545,OFF,0.5
20.7,9.104422819205661,5.037456925298365,5.00176128720468,OFF,0.5
20.72,9.112606524351442,5.0430004088724,5.009431776719862,OFF,0.5
20.74,9.120760740491882,5.048627540438067,5.017090391790438,OFF,0.5
20.76,9.128932034542357,5.0544890294031966,5.024997970259609,OFF,0.5
20.78,9.136987546712803,5.0607340295997965,5.031736677890018,OFF,0.5
20.8,9.14488674737133,5.067225632392781,5.037456925298365,OFF,0.5
20.82,9.152720567069956,5.073880467761949,5.0430004088724,OFF,0.5
20.84,9.160619047319665,5.080724668909885,5.048627540438067,OFF,0.5
20.86,9.168744089177352,5.0878068778275924,5.0544890294031966,OFF,0.5
20.88,9.177217346760145,5.095217536301015,5.0607340295997965,OFF,0.5
20.9,9.18607273596878,5.103032179986052,5.067225632392781,OFF,0.5
20.92,9.195313177802229,5.1112897302643665,5.073880467761949,OFF,0.5
20.94,9.2049259322878,5.120010480442875,5.080724668909885,OFF,0.5
20.96,9.21493201812404,5.129187196086884,5.0878068778275924,OFF,0.5
20.98,9.225351384386073,5.138836847882275,5.095217536301015,OFF,0.5
21.0,9.23608343172091,5.1489689321497645,5.103032179986052,OFF,0.5
21.02,9.246499473998561,5.159561918538732,5.1112897302643665,OFF,0.5
21.04,9.256822466336015,5.169675680171827,5.120010480442875,OFF,0.5
21.06,9.267144259588596,5.179584923147225,5.129187196086884,OFF,0.5
21.08,9.277850283085955,5.189413981197308,5.138836847882275,OFF,0.5
21.1,9.28909721587322,5.199411484239818,5.1489689321497645,OFF,0.5
21.12,9.300588594262654,5.209533936681321,5.159561918538732,OFF,0.5
21.14,9.312065245207183,5.219525119225614,5.169675680171827,OFF,0.5
21.16,9.323450854895999,5.229232772429532,5.179584923147225,OFF,0.5
21.18,9.33466230678386,5.238634121710201,5.189413981197308,OFF,0.5
21.2,9.345682179146996,5.247697114961153,5.199411484239818,OFF,0.5
21.22,9.356601728660296,5.256419142556558,5.209533936681321,OFF,0.5
21.24,9.367559417754222,5.2648970323284034,5.219525119225614,OFF,0.5
21.26,9.378654523359508,5.273251178215262,5.229232772429532,OFF,0.5
21.28,9.389863952233188,5.281597373539429,5.238634121710201,OFF,0.5
21.3,9.401184545400438,5.289891445939553,5.247697114961153,OFF,0.5
21.32,9.412174701038929,5.298094797832486,5.256419142556558,OFF,0.5
21.34,9.422009942235904,5.30636631434911,5.2648970323284034,OFF,0.5
21.36,9.431318726087712,5.313729906254634,5.273251178215262,OFF,0.5
21.38,9.440630006822644,5.32050730815135,5.281597373539429,OFF,0.5
21.4,9.449971427535221,5.327283295024424,5.289891445939553,OFF,0.5
21.42,9.45926477483526,5.334194479721616,5.298094797832486,OFF,0.5
21.44,9.468504748377512,5.341289770157577,5.30636631434911,OFF,0.5
21.46,9.477515886497573,5.348674695258581,5.313729906254634,OFF,0.5
21.48,9.486302758828696,5.356179934652281,5.32050730815135,OFF,0.5
21.5,9.495038246451848,5.363756431721437,5.327283295024424,OFF,0.5
21.52,9.503941204802283,5.371518814274132,5.334194479721616,OFF,0.5
21.54,9.51324930775456,5.379593848228127,5.341289770157577,OFF,0.5
21.56,9.523013237132979,5.38811534422649,5.348674695258581,OFF,0.5
21.58,9.533159297020324,5.397101623241406,5.356179934652281,OFF,0.5
21.6,9.54364070459859,5.4064879438028886,5.363756431721437,OFF,0.5
21.62,9.554508578855991,5.416259696310123,5.371518814274132,OFF,0.5
21.64,9.565542509555446,5.426470226476617,5.379593848228127,OFF,0.5
21.66,9.576390053028442,5.4369142079161685,5.38811534422649,OFF,0.5
21.68,9.586805069964175,5.447011034974004,5.397101623241406,OFF,0.5
21.7,9.596914821487214,5.456452324705769,5.4064879438028886,OFF,0.5
21.72,9.607146683662315,5.465631485926458,5.416259696310123,OFF,0.5
21.74,9.61765459650593,5.4747622867799235,5.426470226476617,OFF,0.5
21.76,9.62823728984249,5.483867451296685,5.4369142079161685,OFF,0.5
21.78,9.638778775936526,5.492795974782027,5.447011034974004,OFF,0.5
21.8,9.64923614686108,5.501474849416836,5.456452324705769,OFF,0.5
21.82,9.659469356581385,5.509903787061155,5.465631485926458,OFF,0.5
21.84,9.669509441606069,5.517972202055625,5.4747622867799235,OFF,0.5
21.86,9.67946747800268,5.525718867862059,5.483867451296685,OFF,0.5
21.88,9.689476571312197,5.533236009975457,5.492795974782027,OFF,0.5
21.9,9.699634631179562,5.54064877845733,5.501474849416836,OFF,0.5
21.92,9.709939687293012,5.548038064627041,5.509903787061155,OFF,0.5
21.94,9.720442450611113,5.555334849775389,5.517972202055625,OFF,0.5
21.96,9.730742245488125,5.562661052713576,5.525718867862059,OFF,0.5
21.98,9.739718137009161,5.570108741705691,5.533236009975457,OFF,0.5
22.0,9.747963830034871,5.5763158976079,5.54064877845733,OFF,0.5
22.02,9.756075466160393,5.581748227555618,5.548038064627041,OFF,0.5
22.04,9.764121861327023,5.587156804558958,5.555334849775389,OFF,0.5
22.06,9.772164346475751,5.592700551901016,5.562661052713576,OFF,0.5
22.08,9.78019861225981,5.598502862744427,5.570108741705691,OFF,0.5
22.1,9.788135700139575,5.604601789587386,5.5763158976079,OFF,0.5
22.12,9.795966866625893,5.6109107649054355,5.581748227555618,OFF,0.5
22.14,9.80380279631288,5.617364177921222,5.587156804558958,OFF,0.5
22.16,9.811775437575557,5.624031620971779,5.592700551901016,OFF,0.5
22.18,9.820008122137057,5.630968654261876,5.598502862744427,OFF,0.5
22.2,9.82860000769292,5.638240200299946,5.604601789587386,OFF,0.5
22.22,9.837595746332108,5.645912701330849,5.6109107649054355,OFF,0.5
22.24,9.847013227402044,5.654024665675204,5.617364177921222,OFF,0.5
22.26,9.856851140592013,5.6626178685139585,5.624031620971779,OFF,0.5
22.28,9.867141695766643,5.671706799649172,5.630968654261876,OFF,0.5
22.3,9.877906604234285,5.681331983851079,5.638240200299946,OFF,0.5
22.32,9.889179956517108,5.691507301627693,5.645912701330849,OFF,0.5
22.34,9.900896414307093,5.702264033611278,5.654024665675204,OFF,0.5
22.36,9.912655849023427,5.713566470626261,5.6626178685139585,OFF,0.5
22.38,9.924005600249027,5.7250189409199725,5.671706799649172,OFF,0.5
22.4,9.934885214948595,5.735967230282593,5.681331983851079,OFF,0.5
22.42,9.945904674648176,5.746535935825097,5.691507301627693,OFF,0.5
22.44,9.957381196161826,5.757192019865736,5.702264033611278,OFF,0.5
22.46,9.969197846029875,5.767972927522044,5.713566470626261,OFF,0.5
22.48,9.981012437939256,5.7787935046482914,5.7250189409199725,OFF,0.5
22.5,9.992664648332633,5.78941290229057,5.735967230282593,OFF,0.5
22.52,10.00406446795027,5.799755314350447,5.746535935825097,OFF,0.5
22.54,10.015191813514784,5.809771032715096,5.757192019865736,OFF,0.5
22.56,10.026196883476008,5.819436030458818,5.767972927522044,OFF,0.5
22.58,10.037278531157604,5.828838065768699,5.7787935046482914,OFF,0.5
22.6,10.048552964059628,5.838165761230989,5.78941290229057,OFF,0.5
22.62,10.060030912210447,5.847499771058598,5.799755314350447,OFF,0.5
22.64,10.071589732181197,5.856809754442617,5.809771032715096,OFF,0.5
22.66,10.082043480612006,5.86624362952793,5.819436030458818,OFF,0.5
22.68,10.09147379479457,5.8749138421732905,5.828838065768699,OFF,0.5
22.7,10.100619839069926,5.882566403315992,5.838165761230989,OFF,0.5
22.72,10.109821390548873,5.889915036458878,5.847499771058598,OFF,0.5
22.74,10.119060653701162,5.897344522727193,5.856809754442617,OFF,0.5
22.76,10.128292253895138,5.904963865956308,5.86624362952793,OFF,0.5
22.78,10.137318754650519,5.912876149174731,5.8749138421732905,OFF,0.5
22.8,10.146076253188564,5.920917516284255,5.882566403315992,OFF,0.5
22.82,10.154709777169385,5.929003643339694,5.889915036458878,OFF,0.5
22.84,10.163425500761893,5.937213926420543,5.897344522727193,OFF,0.5
22.86,10.172448993824052,5.945666482195919,5.904963865956308,OFF,0.5
22.88,10.181902392794365,5.954503142737625,5.912876149174731,OFF,0.5
22.9,10.191701195618624,5.963782703854922,5.920917516284255,OFF,0.5
22.92,10.201810325651877,5.97342526073179,5.929003643339694,OFF,0.5
22.94,10.212124207015876,5.98340652696058,5.937213926420543,OFF,0.5
22.96,10.222290373258481,5.993670208345723,5.945666482195919,OFF,0.5
22.98,10.23241334551084,6.003544368761608,5.954503142737625,OFF,0.5
23.0,10.242178500394987,6.013207503890277,5.963782703854922,OFF,0.5
23.02,10.25209204096651,6.022272807052542,5.97342526073179,OFF,0.5
23.04,10.262327792609122,6.031382521792193,5.98340652696058,OFF,0.5
23.06,10.272683085440173,6.040565993729349,5.993670208345723,OFF,0.5
23.08,10.28299309990702,6.049612003943742,6.003544368761608,OFF,0.5
23.1,10.293192289235861,6.058393833529702,6.013207503890277,OFF,0.5
23.12,10.303263447398937,6.066870049338444,6.022272807052542,OFF,0.5
23.14,10.313231235894593,6.075044326813725,6.031382521792193,OFF,0.5
23.16,10.323107775968563,6.082917993285572,6.040565993729349,OFF,0.5
23.18,10.332981672106731,6.090544684610825,6.049612003943742,OFF,0.5
23.2,10.342950437129273,6.098028384264975,6.058393833529702,OFF,0.5
23.22,10.353060445406635,6.105471427914624,6.066870049338444,OFF,0.5
23.24,10.363338856819382,6.112907800635915,6.075044326813725,OFF,0.5
23.26,10.373876306337133,6.1202928724141,6.082917993285572,OFF,0.5
23.28,10.384047133727195,6.127809502536621,6.090544684610825,OFF,0.5
23.3,10.392955242228288,6.135343115068601,6.098028384264975,OFF,0.5
23.32,10.401212388737273,6.141528251529416,6.105471427914624,OFF,0.5
23.34,10.40934376228273,6.147109959817902,6.112907800635915,OFF,0.5
23.36,10.41750072623297,6.152732166323346,6.1202928724141,OFF,0.5
23.38,10.425748620438346,6.158577381118177,6.127809502536621,OFF,0.5
23.4,10.434014154159254,6.164750003558583,6.135343115068601,OFF,0.5
23.42,10.44220965464204,6.171200583971566,6.141528251529416,OFF,0.5
23.44,10.450352301975538,6.177860465165645,6.147109959817902,OFF,0.5
23.46,10.458544383538174,6.184698356858546,6.152732166323346,OFF,0.5
23.48,10.466933343408057,6.191750868263762,6.158577381118177,OFF,0.5
23.5,10.475628276700904,6.19909930066279,6.164750003558583,OFF,0.5
23.52,10.48473649462374,6.206796318135771,6.171200583971566,OFF,0.5
23.54,10.494306808388865,6.214927874985897,6.177860465165645,OFF,0.5
23.56,10.504337371575733,6.223542914892526,6.184698356858546,OFF,0.5
23.58,10.51482178546165,6.232658117114132,6.191750868263762,OFF,0.5
23.6,10.525784925210157,6.242292581534319,6.19909930066279,OFF,0.5
23.62,10.53722880521809,6.252482697155076,6.206796318135771,OFF,0.5
23.64,10.549201138502621,6.263245084890187,6.214927874985897,OFF,0.5
23.66,10.561561577477297,6.274619970578749,6.223542914892526,OFF,0.5
23.68,10.573655790819632,6.286512312776309,6.232658117114132,OFF,0.5
23.7,10.585256405597036,6.298169003664388,6.242292581534319,OFF,0.5
23.72,10.596518340082635,6.3093534269253535,6.252482697155076,OFF,0.5
23.74,10.607987839767414,6.320398319507183,6.263245084890187,OFF,0.5
23.76,10.619829485874693,6.3314656328437335,6.274619970578749,OFF,0.5
23.78,10.63169680354421,6.342635444646776,6.286512312776309,OFF,0.5
23.8,10.64330943434838,6.353624766484676,6.298169003664388,OFF,0.5
23.82,10.654577782476087,6.364246761184926,6.3093534269253535,OFF,0.5
23.84,10.665563983860872,6.374445925342585,6.320398319507183,OFF,0.5
23.86,10.676356340932458,6.384282567284566,6.3314656328437335,OFF,0.5
23.88,10.687176541668817,6.393842162935773,6.342635444646776,OFF,0.5
23.9,10.698198818286276,6.403322954575591,6.353624766484676,OFF,0.5
23.92,10.709518241114786,6.412883351084968,6.364246761184926,OFF,0.5
23.94,10.721077424659804,6.422522370431902,6.374445925342585,OFF,0.5
23.96,10.73181361488899,6.43226711109007,6.384282567284566,OFF,0.5
23.98,10.741349586487404,6.441584804790437,6.393842162935773,OFF,0.5
24.0,10.750382450637773,6.449603550186228,6.403322954575591,OFF,0.5
24.02,10.759360792079745,6.457101769679395,6.412883351084968,OFF,0.5
24.04,10.76833480622151,6.464582559933003,6.422522370431902,OFF,0.5
24.06,10.777284969690339,6.472187413334985,6.43226711109007,OFF,0.5
24.08,10.786117586521835,6.480005215379811,6.441584804790437,OFF,0.5
24.1,10.79468415232247,6.488000251154309,6.449603550186228,OFF,0.5
24.12,10.803053833732912,6.4960086615825885,6.457101769679395,OFF,0.5
24.14,10.811422109577192,6.5040500878871015,6.464582559933003,OFF,0.5
24.16,10.820011020035805,6.512274717647804,6.472187413334985,OFF,0.5
24.18,10.82897061221518,6.520824882276019,6.480005215379811,OFF,0.5
24.2,10.838333744234843,6.529808177623269,6.488000251154309,OFF,0.5
24.22,10.848033308107018,6.539232700085236,6.4960086615825885,OFF,0.5
24.24,10.858058028818586,6.549032775107717,6.5040500878871015,OFF,0.5
24.26,10.868384925697372,6.559215036466978,6.512274717647804,OFF,0.5
24.28,10.878597507692165,6.569812237411954,6.520824882276019,OFF,0.5
24.3,10.888721606687168,6.580142750311111,6.529808177623269,OFF,0.5
24.32,10.898615181145077,6.590331166834509,6.539232700085236,OFF,0.5
24.34,10.908683703519886,6.599988734497711,6.549032775107717,OFF,0.5
24.36,10.919142971110935,6.6097045429929855,6.559215036466978,OFF,0.5
24.38,10.929855948868921,6.619594038892483,6.569812237411954,OFF,0.5
24.4,10.940592516676224,6.629467931150256,6.580142750311111,OFF,0.5
24.42,10.951222843225475,6.639150775794865,6.590331166834509,OFF,0.5
24.44,10.961711516401609,6.648522264857341,6.599988734497711,OFF,0.5
24.46,10.972094567571489,6.657588928475453,6.6097045429929855,OFF,0.5
24.48,10.982373323662058,6.666367616090568,6.619594038892483,OFF,0.5
24.5,10.992618910982987,6.674901283576834,6.629467931150256,OFF,0.5
24.52,11.002931720644758,6.683269672720185,6.639150775794865,OFF,0.5
24.54,11.013377117821108,6.691590684374315,6.648522264857341,OFF,0.5
24.56,11.023970752512279,6.699929266558228,6.657588928475453,OFF,0.5
24.58,11.034728932880379,6.708268797739469,6.666367616090568,OFF,0.5
24.6,11.045432866085058,6.7165931652142,6.674901283576834,OFF,0.5
24.62,11.054948282695385,6.725088350103421,6.683269672720185,OFF,0.5
24.64,11.063772245178733,6.732450959040371,6.691590684374315,OFF,0.5
24.66,11.07251143686921,6.73913674050336,6.699929266558228,OFF,0.5
24.68,11.081318483001631,6.745807489871471,6.708268797739469,OFF,0.5
24.7,11.090139316018375,6.752648543421907,6.7165931652142,OFF,0.5
24.72,11.098953998343536,6.75969515495561,6.725088350103421,OFF,0.5
24.74,11.107640201230849,6.766980831140837,6.732450959040371,OFF,0.5
24.76,11.11617854482284,6.774392938062483,6.73913674050336,OFF,0.5
24.78,11.124715271751853,6.7818751116276985,6.745807489871471,OFF,0.5
24.8,11.133411663080514,6.789538876713026,6.752648543421907,OFF,0.5
24.82,11.142432806937316,6.79747292606277,6.75969515495561,OFF,0.5
24.84,11.151888970443649,6.8057855196473165,6.766980831140837,OFF,0.5
24.86,11.161827806871804,6.814549430815377,6.774392938062483,OFF,0.5
24.88,11.172247195577636,6.82381551505755,6.7818751116276985,OFF,0.5
24.9,11.18309552984354,6.833595506877522,6.789538876713026,OFF,0.5
24.92,11.194379528798335,6.843871583643931,6.79747292606277,OFF,0.5
24.94,11.20615844182467,6.854647205175773,6.8057855196473165,OFF,0.5
24.96,11.218226530689995,6.865989317192131,6.814549430815377,OFF,0.5
24.98,11.229976670329933,6.877733439106935,6.82381551505755,OFF,0.5
25.0,11.241249155255845,6.889140813908043,6.833595506877522,OFF,0.5
25.02,11.252202277925148,6.900042075991974,6.843871583643931,OFF,0.5
25.04,11.263306053246884,6.910769871854807,6.854647205175773,OFF,0.5
25.06,11.27463889952938,6.921518671446369,6.865989317192131,OFF,0.5
25.08,11.285986786281262,6.932273873237408,6.877733439106935,OFF,0.5
25.1,11.297171050506039,6.942875205844401,6.889140813908043,OFF,0.5
25.12,11.308136526872914,6.953189823905074,6.900042075991974,OFF,0.5
25.14,11.318863817486108,6.963182417165875,6.910769871854807,OFF,0.5
25.16,11.329402286938029,6.972849023972527,6.921518671446369,OFF,0.5
25.18,11.339932870387472,6.982235512037715,6.932273873237408,OFF,0.5
25.2,11.350616183298571,6.991507357528564,6.942875205844401,OFF,0.5
25.22,11.361590985671354,7.000818671745037,6.953189823905074,OFF,0.5
25.24,11.372768973699257,7.010252357699476,6.963182417165875,OFF,0.5
25.26,11.383638628245873,7.019710031075886,6.972849023972527,OFF,0.5
25.28,11.393055937679213,7.029134767294389,6.982235512037715,OFF,0.5
25.3,11.401762013015786,7.037156897142252,6.991507357528564,OFF,0.5
25.32,11.410341662445191,7.044409612360065,7.000818671745037,OFF,0.5
25.34,11.41888506547787,7.051558155111931,7.010252357699476,OFF,0.5
25.36,11.427397872749456,7.058756463995005,7.019710031075886,OFF,0.5
25.38,11.43584802845753,7.0661207659768435,7.029134767294389,OFF,0.5
25.4,11.444112016238254,7.073669074867714,7.037156897142252,OFF,0.5
25.42,11.45214145590301,7.08128495450518,7.044409612360065,OFF,0.5
25.44,11.460089521368426,7.0889012452553235,7.051558155111931,OFF,0.5
25.46,11.468153402881791,7.096610169622364,7.058756463995005,OFF,0.5
25.48,11.476473169876845,7.10455598817739,7.0661207659768435,OFF,0.5
25.5,11.48517468094618,7.112839053884979,7.073669074867714,OFF,0.5
25.52,11.49426924279001,7.121562192363755,7.08128495450518,OFF,0.5
25.54,11.50370296305137,7.130731652507286,7.0889012452553235,OFF,0.5
25.56,11.513478434564364,7.140302112697177,7.096610169622364,OFF,0.5
25.58,11.523606255325555,7.150278045773124,7.10455598817739,OFF,0.5
25.6,11.533730833120424,7.1606930655933985,7.112839053884979,OFF,0.5
25.62,11.543784359467217,7.17111243359798,7.121562192363755,OFF,0.5
25.64,11.553708309862168,7.181383996359533,7.130731652507286,OFF,0.5
25.66,11.563651912551784,7.191265130576595,7.140302112697177,OFF,0.5
25.68,11.573963934654495,7.20107450508174,7.150278045773124,OFF,0.5
25.7,11.58465774342339,7.2110731676228506,7.1606930655933985,OFF,0.5
25.72,11.595453802748763,7.2211767676230885,7.17111243359798,OFF,0.5
25.74,11.606101541315574,7.231150346514169,7.181383996359533,OFF,0.5
25.76,11.616623964032126,7.240806015821648,7.191265130576595,OFF,0.5
25.78,11.627006575767126,7.250170235858395,7.20107450508174,OFF,0.5
25.8,11.63724247647167,7.259253050450848,7.2110731676228506,OFF,0.5
25.82,11.647406445903961,7.268073774363158,7.2211767676230885,OFF,0.5
25.84,11.657625718894275,7.276714796685037,7.231150346514169,OFF,0.5
25.86,11.667999914519838,7.28530305085179,7.240806015821648,OFF,0.5
25.88,11.67850675635524,7.293946878160475,7.250170235858395,OFF,0.5
25.9,11.68916630578917,7.302601640969199,7.259253050450848,OFF,0.5
25.92,11.699791012843791,7.311249039463641,7.268073774363158,OFF,0.5
25.94,11.709287532212587,7.320009214795405,7.276714796685037,OFF,0.5
25.96,11.718139522785847,7.327832515720999,7.28530305085179,OFF,0.5
25.98,11.726948988674629,7.33493340539093,7.293946878160475,OFF,0.5
26.0,11.735728260256044,7.342002940216897,7.302601640969199,OFF,0.5
26.02,11.744410241413547,7.34913504649657,7.311249039463641,OFF,0.5
26.04,11.753078050371823,7.356336241914664,7.320009214795405,OFF,0.5
26.06,11.761607117201764,7.3637477926278985,7.327832515720999,OFF,0.5
26.08,11.769962949567473,7.371248695125955,7.33493340539093,OFF,0.5
26.1,11.778287954202767,7.378787770484376,7.342002940216897,OFF,0.5
26.12,11.78675676303398,7.38645948783336,7.34913504649657,OFF,0.5
26.14,11.795537265256042,7.394397310500286,7.356336241914664,OFF,0.5
26.16,11.804747388686208,7.402715862425218,7.3637477926278985,OFF,0.5
26.18,11.814440234421406,7.411496777912392,7.371248695125955,OFF,0.5
26.2,11.824585635250369,7.420788695988473,7.378787770484376,OFF,0.5
26.22,11.83513621914733,7.430575270965133,7.38645948783336,OFF,0.5
26.24,11.846122027776454,7.4408243270354735,7.394397310500286,OFF,0.5
26.26,11.857555569277848,7.451564415463404,7.402715862425218,OFF,0.5
26.28,11.868931958177715,7.46284969993123,7.411496777912392,OFF,0.5
26.3,11.879987984464137,7.47408060558419,7.420788695988473,OFF,0.5
26.32,11.8904379021437,7.484935044903562,7.430575270965133,OFF,0.5
26.34,11.90088362816585,7.495184177662216,7.4408243270354735,OFF,0.5
26.36,11.911583730768854,7.505381308477727,7.451564415463404,OFF,0.5
26.38,11.922501855971957,7.515644090470375,7.46284969993123,OFF,0.5
26.4,11.933421537375319,7.525937979923429,7.47408060558419,OFF,0.5
26.42,11.944258396728445,7.536089266508769,7.484935044903562,OFF,0.5
26.44,11.954902460587782,7.546047211872387,7.495184177662216,OFF,0.5
26.46,11.965275582320958,7.555710176010584,7.505381308477727,OFF,0.5
26.48,11.975488981457483,7.565025850905892,7.515644090470375,OFF,0.5
26.5,11.985723777395865,7.574066341648733,7.525937979923429,OFF,0.5
26.52,11.996104115640469,7.583000447915253,7.536089266508769,OFF,0.5
26.54,12.00671768987915,7.591963648113232,7.546047211872387,OFF,0.5
