trial,mode,person_x,person_t,person_speed,person_dwell,status,min_dist,contact,robot_moving_contact,contact_speed,contact_zone,robot_close_1s,creep_in_stop,stop_time,time
0,off,5.91,6.67,0.77,0.07,pass,1.49,False,False,0.0,,0.0,0.0,0.0,26.54
0,stop,5.91,6.67,0.77,0.07,pass,1.559,False,False,0.0,,0.0,0.0,0.0,27.22
0,hold,5.91,6.67,0.77,0.07,pass,1.559,False,False,0.0,,0.0,0.0,0.0,27.22
0,iso,5.91,6.67,0.77,0.07,pass,1.906,False,False,0.0,,0.0,0.0,0.0,28.88
1,off,6.44,12.35,1.41,2.92,pass,0.032,True,True,0.515,OFF,0.491,0.0,0.0,26.54
1,stop,6.44,12.35,1.41,2.92,pass,0.301,True,True,0.104,STOP,0.126,0.444,4.74,31.18
1,hold,6.44,12.35,1.41,2.92,pass,0.536,False,False,0.0,,0.0,0.08,4.52,31.82
1,iso,6.44,12.35,1.41,2.92,pass,0.856,False,False,0.0,,0.0,0.067,5.8,33.12
2,off,5.63,11.78,1.44,0.01,pass,0.081,True,False,0.038,OFF,0.027,0.0,0.0,26.54
2,stop,5.63,11.78,1.44,0.01,pass,0.113,True,True,0.183,STOP,0.119,0.162,2.06,28.8
2,hold,5.63,11.78,1.44,0.01,pass,0.124,True,True,0.17,STOP,0.119,0.062,2.06,29.4
2,iso,5.63,11.78,1.44,0.01,pass,0.408,True,True,0.051,STOP,0.117,0.081,3.18,30.46
3,off,6.57,9.74,0.53,0.7,pass,0.039,True,True,0.512,OFF,0.361,0.0,0.0,26.54
3,stop,6.57,9.74,0.53,0.7,pass,0.547,False,False,0.0,,0.0,0.303,3.52,30.98
3,hold,6.57,9.74,0.53,0.7,pass,0.619,False,False,0.0,,0.0,0.071,3.06,31.3
3,iso,6.57,9.74,0.53,0.7,pass,1.267,False,False,0.0,,0.0,0.074,5.54,33.9
4,off,6.59,10.37,1.04,1.69,pass,0.311,True,True,0.502,OFF,0.519,0.0,0.0,26.54
4,stop,6.59,10.37,1.04,1.69,pass,0.882,False,False,0.0,,0.0,0.0,0.0,29.08
4,hold,6.59,10.37,1.04,1.69,pass,0.882,False,False,0.0,,0.0,0.0,0.0,29.08
4,iso,6.59,10.37,1.04,1.69,pass,1.482,False,False,0.0,,0.0,0.075,3.64,31.2
5,off,4.08,5.18,0.62,2.59,pass,0.049,True,True,0.497,OFF,0.451,0.0,0.0,26.54
5,stop,4.08,5.18,0.62,2.59,pass,0.515,False,False,0.0,,0.0,0.406,5.0,32.26
5,hold,4.08,5.18,0.62,2.59,pass,0.697,False,False,0.0,,0.0,0.048,4.2,32.56
5,iso,4.08,5.18,0.62,2.59,pass,1.248,False,False,0.0,,0.0,0.073,6.82,34.92
6,off,5.85,11.82,0.88,3.92,pass,0.476,False,False,0.0,,0.0,0.0,0.0,26.54
6,stop,5.85,11.82,0.88,3.92,pass,0.132,True,False,0.0,STOP,-0.023,0.583,6.46,32.56
6,hold,5.85,11.82,0.88,3.92,pass,0.007,True,True,0.095,STOP,-0.022,0.087,6.66,34.12
6,iso,5.85,11.82,0.88,3.92,pass,0.41,True,False,0.034,STOP,-0.022,0.075,8.5,36.02
7,off,6.06,11.5,1.15,1.56,pass,0.03,True,True,0.527,OFF,0.393,0.0,0.0,26.54
7,stop,6.06,11.5,1.15,1.56,pass,0.327,True,True,0.151,STOP,0.222,0.312,3.64,30.26
7,hold,6.06,11.5,1.15,1.56,pass,0.449,True,True,0.096,STOP,0.162,0.069,3.5,30.78
7,iso,6.06,11.5,1.15,1.56,pass,0.798,False,False,0.0,,0.0,0.085,4.94,32.36
8,off,4.41,7.46,1.22,1.24,pass,0.028,True,True,0.529,OFF,0.479,0.0,0.0,26.54
8,stop,4.41,7.46,1.22,1.24,pass,0.638,False,False,0.0,,0.0,0.241,2.62,29.58
8,hold,4.41,7.46,1.22,1.24,pass,0.705,False,False,0.0,,0.0,0.072,2.46,30.08
8,iso,4.41,7.46,1.22,1.24,pass,1.109,False,False,0.0,,0.0,0.063,4.06,31.44
9,off,5.46,11.95,1.39,1.43,pass,0.359,True,False,0.0,OFF,-0.256,0.0,0.0,26.54
9,stop,5.46,11.95,1.39,1.43,pass,0.148,True,False,0.0,STOP,-0.079,0.289,3.48,30.12
9,hold,5.46,11.95,1.39,1.43,pass,0.049,True,True,0.102,STOP,-0.078,0.068,3.54,30.62
9,iso,5.46,11.95,1.39,1.43,pass,0.147,True,True,0.051,STOP,0.068,0.094,4.76,31.98
10,off,5.71,9.28,0.82,1.35,pass,0.038,True,True,0.5,OFF,0.478,0.0,0.0,26.54
10,stop,5.71,9.28,0.82,1.35,pass,0.574,False,False,0.0,,0.0,0.309,3.34,30.24
10,hold,5.71,9.28,0.82,1.35,pass,0.674,False,False,0.0,,0.0,0.068,2.92,30.7
10,iso,5.71,9.28,0.82,1.35,pass,1.191,False,False,0.0,,0.0,0.062,4.96,32.5
11,off,5.17,7.84,1.39,2.49,pass,0.135,True,True,0.528,OFF,0.482,0.0,0.0,26.54
11,stop,5.17,7.84,1.39,2.49,pass,0.852,False,False,0.0,,0.0,0.0,0.0,29.02
11,hold,5.17,7.84,1.39,2.49,pass,0.852,False,False,0.0,,0.0,0.0,0.0,29.02
11,iso,5.17,7.84,1.39,2.49,pass,1.536,False,False,0.0,,0.0,0.072,3.9,31.4
12,off,4.25,8.66,1.33,0.96,pass,0.053,True,True,0.188,OFF,0.168,0.0,0.0,26.54
12,stop,4.25,8.66,1.33,0.96,pass,0.113,True,True,0.21,STOP,0.219,0.326,3.06,29.66
12,hold,4.25,8.66,1.33,0.96,pass,0.217,True,True,0.201,STOP,0.219,0.085,3.0,30.38
12,iso,4.25,8.66,1.33,0.96,pass,0.532,False,False,0.0,,0.0,0.08,4.22,31.38
13,off,6.63,8.14,0.56,0.6,pass,0.56,False,False,0.0,,0.0,0.0,0.0,26.54
13,stop,6.63,8.14,0.56,0.6,pass,1.005,False,False,0.0,,0.0,0.0,0.0,29.14
13,hold,6.63,8.14,0.56,0.6,pass,1.005,False,False,0.0,,0.0,0.0,0.0,29.14
13,iso,6.63,8.14,0.56,0.6,pass,1.577,False,False,0.0,,0.0,0.056,2.76,31.84
14,off,5.35,8.06,1.3,0.21,pass,1.161,False,False,0.0,,0.0,0.0,0.0,26.54
14,stop,5.35,8.06,1.3,0.21,pass,1.271,False,False,0.0,,0.0,0.0,0.0,27.36
14,hold,5.35,8.06,1.3,0.21,pass,1.271,False,False,0.0,,0.0,0.0,0.0,27.36
14,iso,5.35,8.06,1.3,0.21,pass,1.554,False,False,0.0,,0.0,0.07,1.94,29.42
15,off,5.21,5.1,0.7,2.32,pass,0.423,True,True,0.472,OFF,0.471,0.0,0.0,26.54
15,stop,5.21,5.1,0.7,2.32,pass,0.994,False,False,0.0,,0.0,0.0,0.0,29.24
15,hold,5.21,5.1,0.7,2.32,pass,0.994,False,False,0.0,,0.0,0.0,0.0,29.24
15,iso,5.21,5.1,0.7,2.32,pass,1.613,False,False,0.0,,0.0,0.051,2.36,31.64
16,off,4.9,6.73,1.17,3.77,pass,0.061,True,True,0.492,OFF,0.506,0.0,0.0,26.54
16,stop,4.9,6.73,1.17,3.77,pass,0.748,False,False,0.0,,0.0,0.157,1.88,30.6
16,hold,4.9,6.73,1.17,3.77,pass,0.756,False,False,0.0,,0.0,0.044,1.82,30.82
16,iso,4.9,6.73,1.17,3.77,pass,1.58,False,False,0.0,,0.0,0.069,3.52,32.74
17,off,5.1,6.89,0.61,3.71,pass,0.035,True,True,0.521,OFF,0.46,0.0,0.0,26.54
17,stop,5.1,6.89,0.61,3.71,pass,0.428,True,True,0.087,STOP,0.082,0.513,6.16,32.98
17,hold,5.1,6.89,0.61,3.71,pass,0.704,False,False,0.0,,0.0,0.058,5.28,33.82
17,iso,5.1,6.89,0.61,3.71,pass,1.309,False,False,0.0,,0.0,0.066,7.8,36.02
18,off,5.32,9.6,1.45,1.7,pass,0.059,True,True,0.532,OFF,0.499,0.0,0.0,26.54
18,stop,5.32,9.6,1.45,1.7,pass,0.605,False,False,0.0,,0.0,0.298,3.0,29.82
18,hold,5.32,9.6,1.45,1.7,pass,0.709,False,False,0.0,,0.0,0.072,2.78,30.24
18,iso,5.32,9.6,1.45,1.7,pass,1.057,False,False,0.0,,0.0,0.07,4.32,31.52
19,off,5.86,13.0,1.5,1.84,pass,0.396,True,False,0.0,OFF,-0.382,0.0,0.0,26.54
19,stop,5.86,13.0,1.5,1.84,pass,0.224,True,False,0.0,STOP,-0.148,0.307,3.8,30.3
19,hold,5.86,13.0,1.5,1.84,pass,0.086,True,True,0.105,STOP,-0.148,0.07,3.86,30.96
19,iso,5.86,13.0,1.5,1.84,pass,0.072,True,True,0.058,STOP,0.058,0.085,5.0,32.34
20,off,6.27,10.74,1.0,3.14,pass,0.059,True,True,0.535,OFF,0.502,0.0,0.0,26.54
20,stop,6.27,10.74,1.0,3.14,pass,0.491,False,False,0.0,,0.0,0.433,4.82,31.44
20,hold,6.27,10.74,1.0,3.14,pass,0.712,False,False,0.0,,0.0,0.067,3.5,31.76
20,iso,6.27,10.74,1.0,3.14,pass,1.17,False,False,0.0,,0.0,0.074,6.3,33.72
21,off,5.24,10.13,1.23,3.73,pass,0.063,True,True,0.466,OFF,0.306,0.0,0.0,26.54
21,stop,5.24,10.13,1.23,3.73,pass,0.06,True,True,0.234,STOP,0.3,0.52,5.84,31.98
21,hold,5.24,10.13,1.23,3.73,pass,0.376,True,True,0.231,STOP,0.299,0.075,5.7,32.94
21,iso,5.24,10.13,1.23,3.73,pass,0.728,False,False,0.0,,0.0,0.074,7.02,34.26
22,off,4.34,9.36,1.23,3.87,pass,0.332,True,False,0.0,OFF,-0.247,0.0,0.0,26.54
22,stop,4.34,9.36,1.23,3.87,pass,0.081,True,False,0.008,STOP,0.0,0.352,6.04,32.58
22,hold,4.34,9.36,1.23,3.87,pass,0.003,True,True,0.091,STOP,0.001,0.069,6.1,33.34
22,iso,4.34,9.36,1.23,3.87,pass,0.277,True,True,0.058,STOP,0.074,0.093,7.48,34.86
23,off,4.04,9.26,1.36,3.83,pass,0.456,False,False,0.0,,0.0,0.0,0.0,26.54
23,stop,4.04,9.26,1.36,3.83,pass,0.25,True,False,0.0,STOP,-0.154,0.459,5.78,32.28
23,hold,4.04,9.26,1.36,3.83,pass,0.11,True,True,0.094,STOP,-0.153,0.069,5.9,33.14
23,iso,4.04,9.26,1.36,3.83,pass,0.089,True,True,0.056,STOP,0.053,0.078,7.22,34.4
24,off,4.45,9.79,1.47,3.29,pass,0.25,True,False,0.0,OFF,-0.156,0.0,0.0,26.54
24,stop,4.45,9.79,1.47,3.29,pass,0.059,True,False,0.0,STOP,0.004,0.436,5.3,31.6
24,hold,4.45,9.79,1.47,3.29,pass,0.001,True,True,0.072,STOP,0.004,0.065,5.3,32.54
24,iso,4.45,9.79,1.47,3.29,pass,0.232,True,True,0.123,STOP,0.116,0.075,6.44,33.48
25,off,5.44,9.32,0.73,3.69,pass,0.076,True,True,0.184,OFF,0.197,0.0,0.0,26.54
25,stop,5.44,9.32,0.73,3.69,pass,0.089,True,True,0.164,STOP,0.204,0.553,6.58,32.96
25,hold,5.44,9.32,0.73,3.69,pass,0.402,True,True,0.145,STOP,0.195,0.072,6.32,34.0
25,iso,5.44,9.32,0.73,3.69,pass,0.962,False,False,0.0,,0.0,0.063,8.28,35.96
26,off,4.8,7.42,1.04,3.72,pass,0.052,True,True,0.496,OFF,0.489,0.0,0.0,26.54
26,stop,4.8,7.42,1.04,3.72,pass,0.606,False,False,0.0,,0.0,0.308,3.84,31.72
26,hold,4.8,7.42,1.04,3.72,pass,0.742,False,False,0.0,,0.0,0.046,3.42,32.0
26,iso,4.8,7.42,1.04,3.72,pass,1.295,False,False,0.0,,0.0,0.085,6.4,34.14
27,off,4.12,7.35,1.23,0.11,pass,0.339,True,True,0.512,OFF,0.485,0.0,0.0,26.54
27,stop,4.12,7.35,1.23,0.11,pass,0.59,False,False,0.0,,0.0,0.216,1.9,28.72
27,hold,4.12,7.35,1.23,0.11,pass,0.597,False,False,0.0,,0.0,0.08,1.86,29.48
27,iso,4.12,7.35,1.23,0.11,pass,0.967,False,False,0.0,,0.0,0.049,3.2,30.38
28,off,6.16,8.84,0.52,2.05,pass,0.047,True,True,0.417,OFF,0.365,0.0,0.0,26.54
28,stop,6.16,8.84,0.52,2.05,pass,0.404,True,True,0.091,STOP,0.078,0.446,5.2,32.2
28,hold,6.16,8.84,0.52,2.05,pass,0.601,False,False,0.0,,0.0,0.067,4.52,32.94
28,iso,6.16,8.84,0.52,2.05,pass,1.269,False,False,0.0,,0.0,0.065,7.02,35.52
29,off,6.79,11.06,0.57,0.27,pass,0.145,True,True,0.231,OFF,0.198,0.0,0.0,26.54
29,stop,6.79,11.06,0.57,0.27,pass,0.393,True,True,0.14,STOP,0.16,0.333,3.54,30.68
29,hold,6.79,11.06,0.57,0.27,pass,0.467,False,False,0.0,,0.0,0.076,3.2,31.26
29,iso,6.79,11.06,0.57,0.27,pass,1.104,False,False,0.0,,0.0,0.073,5.56,33.62
30,off,5.03,10.18,0.93,2.25,pass,0.418,True,False,0.0,OFF,-0.316,0.0,0.0,26.54
30,stop,5.03,10.18,0.93,2.25,pass,0.065,True,False,0.014,STOP,0.012,0.423,4.86,31.48
30,hold,5.03,10.18,0.93,2.25,pass,0.015,True,False,0.037,STOP,0.014,0.074,4.9,32.38
30,iso,5.03,10.18,0.93,2.25,pass,0.444,True,False,0.0,STOP,-0.013,0.081,6.6,34.02
31,off,4.78,8.44,0.74,0.9,pass,0.232,True,False,0.0,OFF,0.012,0.0,0.0,26.54
31,stop,4.78,8.44,0.74,0.9,pass,0.139,True,True,0.141,STOP,0.151,0.34,3.88,30.74
31,hold,4.78,8.44,0.74,0.9,pass,0.257,True,True,0.122,STOP,0.149,0.078,3.74,31.22
31,iso,4.78,8.44,0.74,0.9,pass,0.82,False,False,0.0,,0.0,0.084,5.7,33.48
32,off,4.37,6.35,0.79,2.22,pass,0.033,True,True,0.523,OFF,0.493,0.0,0.0,26.54
32,stop,4.37,6.35,0.79,2.22,pass,0.564,False,False,0.0,,0.0,0.316,4.08,31.1
32,hold,4.37,6.35,0.79,2.22,pass,0.692,False,False,0.0,,0.0,0.073,3.48,31.5
32,iso,4.37,6.35,0.79,2.22,pass,1.211,False,False,0.0,,0.0,0.079,5.82,33.48
33,off,6.43,10.03,1.06,1.65,pass,0.34,True,True,0.52,OFF,0.49,0.0,0.0,26.54
33,stop,6.43,10.03,1.06,1.65,pass,0.894,False,False,0.0,,0.0,0.0,0.0,28.84
33,hold,6.43,10.03,1.06,1.65,pass,0.894,False,False,0.0,,0.0,0.0,0.0,28.84
33,iso,6.43,10.03,1.06,1.65,pass,1.499,False,False,0.0,,0.0,0.065,3.52,31.16
34,off,6.45,13.6,1.13,1.48,pass,0.43,True,False,0.0,OFF,-0.385,0.0,0.0,26.54
34,stop,6.45,13.6,1.13,1.48,pass,0.157,True,False,0.0,STOP,-0.051,0.358,3.8,30.22
34,hold,6.45,13.6,1.13,1.48,pass,0.031,True,True,0.096,STOP,-0.049,0.078,3.86,31.12
34,iso,6.45,13.6,1.13,1.48,pass,0.304,True,False,0.022,STOP,0.057,0.05,5.32,32.7
35,off,5.66,11.35,1.09,0.58,pass,0.161,True,False,0.008,OFF,0.014,0.0,0.0,26.54
35,stop,5.66,11.35,1.09,0.58,pass,0.073,True,True,0.165,STOP,0.122,0.246,2.94,29.56
35,hold,5.66,11.35,1.09,0.58,pass,0.142,True,True,0.146,STOP,0.123,0.07,2.9,30.34
35,iso,5.66,11.35,1.09,0.58,pass,0.533,False,False,0.0,,0.0,0.079,4.36,31.66
36,off,5.22,7.04,1.41,3.29,pass,0.192,True,True,0.529,OFF,0.493,0.0,0.0,26.54
36,stop,5.22,7.04,1.41,3.29,pass,0.906,False,False,0.0,,0.0,0.0,0.0,29.06
36,hold,5.22,7.04,1.41,3.29,pass,0.906,False,False,0.0,,0.0,0.0,0.0,29.06
36,iso,5.22,7.04,1.41,3.29,pass,1.615,False,False,0.0,,0.0,0.046,2.88,31.36
37,off,5.25,6.8,1.33,1.46,pass,1.096,False,False,0.0,,0.0,0.0,0.0,26.54
37,stop,5.25,6.8,1.33,1.46,pass,1.281,False,False,0.0,,0.0,0.0,0.0,27.6
37,hold,5.25,6.8,1.33,1.46,pass,1.281,False,False,0.0,,0.0,0.0,0.0,27.6
37,iso,5.25,6.8,1.33,1.46,pass,1.726,False,False,0.0,,0.0,0.0,0.0,29.16
38,off,4.24,5.71,1.15,2.81,pass,0.05,True,True,0.5,OFF,0.508,0.0,0.0,26.54
38,stop,4.24,5.71,1.15,2.81,pass,0.789,False,False,0.0,,0.0,0.1,1.22,30.0
38,hold,4.24,5.71,1.15,2.81,pass,0.789,False,False,0.0,,0.0,0.047,1.22,30.18
38,iso,4.24,5.71,1.15,2.81,pass,1.507,False,False,0.0,,0.0,0.073,4.54,32.18
39,off,6.83,11.78,0.63,0.24,pass,0.188,True,True,0.145,OFF,0.161,0.0,0.0,26.54
39,stop,6.83,11.78,0.63,0.24,pass,0.306,True,True,0.151,STOP,0.166,0.33,3.44,30.58
39,hold,6.83,11.78,0.63,0.24,pass,0.38,True,True,0.125,STOP,0.157,0.08,3.2,31.18
39,iso,6.83,11.78,0.63,0.24,pass,0.989,False,False,0.0,,0.0,0.079,5.4,33.28
40,off,5.14,8.01,0.93,3.91,pass,0.04,True,True,0.526,OFF,0.473,0.0,0.0,26.54
40,stop,5.14,8.01,0.93,3.91,pass,0.522,False,False,0.0,,0.0,0.414,5.0,31.96
40,hold,5.14,8.01,0.93,3.91,pass,0.735,False,False,0.0,,0.0,0.052,3.16,32.56
40,iso,5.14,8.01,0.93,3.91,pass,1.272,False,False,0.0,,0.0,0.071,6.9,34.4
41,off,6.33,8.85,0.81,3.45,pass,0.047,True,True,0.536,OFF,0.494,0.0,0.0,26.54
41,stop,6.33,8.85,0.81,3.45,pass,0.742,False,False,0.0,,0.0,0.174,2.12,30.94
41,hold,6.33,8.85,0.81,3.45,pass,0.752,False,False,0.0,,0.0,0.043,2.02,31.16
41,iso,6.33,8.85,0.81,3.45,pass,1.563,False,False,0.0,,0.0,0.072,4.96,33.38
42,off,6.64,10.61,1.01,3.98,pass,0.024,True,True,0.539,OFF,0.497,0.0,0.0,26.54
42,stop,6.64,10.61,1.01,3.98,pass,0.623,False,False,0.0,,0.0,0.299,3.5,31.48
42,hold,6.64,10.61,1.01,3.98,pass,0.737,False,False,0.0,,0.0,0.05,3.12,31.84
42,iso,6.64,10.61,1.01,3.98,pass,1.429,False,False,0.0,,0.0,0.08,6.22,33.76
43,off,4.95,8.4,0.68,3.25,pass,0.206,True,True,0.056,OFF,0.01,0.0,0.0,26.54
43,stop,4.95,8.4,0.68,3.25,pass,0.064,True,True,0.131,STOP,0.145,0.526,6.36,32.92
43,hold,4.95,8.4,0.68,3.25,pass,0.343,True,True,0.116,STOP,0.142,0.061,6.16,33.92
43,iso,4.95,8.4,0.68,3.25,pass,0.905,False,False,0.0,,0.0,0.081,8.24,35.9
44,off,6.0,13.12,1.46,2.99,pass,0.336,True,False,0.0,OFF,-0.276,0.0,0.0,26.54
44,stop,6.0,13.12,1.46,2.99,pass,0.007,True,True,0.098,STOP,-0.095,0.079,5.06,32.98
44,hold,6.0,13.12,1.46,2.99,pass,0.024,True,True,0.099,STOP,-0.095,0.047,5.04,32.38
44,iso,6.0,13.12,1.46,2.99,pass,0.143,True,True,0.11,STOP,0.07,0.08,6.18,33.38
45,off,6.58,8.42,0.75,2.68,pass,0.195,True,True,0.502,OFF,0.518,0.0,0.0,26.54
45,stop,6.58,8.42,0.75,2.68,pass,0.895,False,False,0.0,,0.0,0.0,0.0,29.66
45,hold,6.58,8.42,0.75,2.68,pass,0.895,False,False,0.0,,0.0,0.0,0.0,29.66
45,iso,6.58,8.42,0.75,2.68,pass,1.606,False,False,0.0,,0.0,0.049,3.06,32.08
46,off,6.14,8.32,0.67,3.64,pass,0.043,True,True,0.532,OFF,0.481,0.0,0.0,26.54
46,stop,6.14,8.32,0.67,3.64,pass,0.636,False,False,0.0,,0.0,0.3,3.72,31.88
46,hold,6.14,8.32,0.67,3.64,pass,0.743,False,False,0.0,,0.0,0.044,3.1,32.18
46,iso,6.14,8.32,0.67,3.64,pass,1.494,False,False,0.0,,0.0,0.072,6.14,34.54
47,off,5.68,8.09,1.08,2.1,pass,0.357,True,True,0.499,OFF,0.485,0.0,0.0,26.54
47,stop,5.68,8.09,1.08,2.1,pass,0.929,False,False,0.0,,0.0,0.0,0.0,28.92
47,hold,5.68,8.09,1.08,2.1,pass,0.929,False,False,0.0,,0.0,0.0,0.0,28.92
47,iso,5.68,8.09,1.08,2.1,pass,1.586,False,False,0.0,,0.0,0.064,3.06,31.2
48,off,5.57,9.48,0.59,2.29,pass,0.408,True,False,0.0,OFF,-0.156,0.0,0.0,26.54
48,stop,5.57,9.48,0.59,2.29,pass,0.012,True,True,0.109,STOP,0.115,0.498,5.8,32.5
48,hold,5.57,9.48,0.59,2.29,pass,0.223,True,True,0.087,STOP,0.11,0.079,5.7,33.58
48,iso,5.57,9.48,0.59,2.29,pass,0.874,False,False,0.0,,0.0,0.076,8.0,35.98
49,off,4.02,9.04,1.27,2.36,pass,0.443,True,False,0.0,OFF,-0.412,0.0,0.0,26.54
49,stop,4.02,9.04,1.27,2.36,pass,0.218,True,False,0.0,STOP,-0.138,0.361,4.46,30.92
49,hold,4.02,9.04,1.27,2.36,pass,0.07,True,True,0.099,STOP,-0.136,0.069,4.54,31.86
49,iso,4.02,9.04,1.27,2.36,pass,0.152,True,True,0.057,STOP,0.06,0.069,5.9,33.28
