t,x,y,z
2.000000000000000042e-02,7.758498359610928883e-04,2.281607960314614345e-04,7.909640333718800376e-01
4.000000000000000083e-02,2.162969726143591700e-03,6.394759977601143560e-04,7.868441643091119708e-01
5.999999999999999084e-02,4.136317941726023149e-03,7.879980390222092240e-04,7.867951090250894230e-01
8.000000000000000167e-02,6.721768772088963437e-03,7.980498218107198467e-04,7.880820064866519425e-01
1.000000000000000194e-01,9.727292279492516167e-03,9.523273307507237840e-04,7.896260197181527163e-01
1.200000000000000372e-01,1.299616569822195991e-02,1.156258538484051688e-03,7.912545560027367531e-01
1.400000000000000411e-01,1.639911721980034237e-02,1.426166946472368557e-03,7.927302147300393509e-01
1.600000000000000588e-01,1.985493174207426936e-02,1.766950913492325607e-03,7.937547629275800709e-01
1.800000000000000766e-01,2.334068714247326121e-02,2.145806869320811619e-03,7.941601792337773524e-01
2.000000000000000944e-01,2.688410263845021284e-02,2.508947402506653528e-03,7.939514748213344353e-01
2.200000000000001121e-01,3.056998838378458677e-02,2.789759938707316901e-03,7.932206360605535966e-01
2.400000000000001299e-01,3.450511623030095426e-02,2.904465603806213100e-03,7.920963137795613562e-01
2.600000000000001199e-01,3.877286853361875535e-02,2.808543358507255717e-03,7.906948504623524387e-01
2.800000000000001377e-01,4.340085526198517868e-02,2.378424116062399785e-03,7.894865110537608865e-01
3.000000000000001554e-01,4.835834273008496331e-02,1.600418659427638732e-03,7.886304762053292228e-01
3.200000000000001732e-01,5.363327932688988914e-02,5.774025641200390647e-04,7.877468694831513130e-01
3.400000000000001910e-01,5.919576841568819497e-02,-7.144894393260883218e-04,7.867683889320317148e-01
3.600000000000002087e-01,6.502017309850617599e-02,-2.282646447232577949e-03,7.856969618344654682e-01
3.800000000000002265e-01,7.108435839064454476e-02,-4.102721244740902169e-03,7.845486277341697789e-01
4.000000000000002442e-01,7.735307468757579574e-02,-6.034446746023073779e-03,7.836078238456775091e-01
4.200000000000002620e-01,8.369178425091185203e-02,-8.009585106554943310e-03,7.832818977697324492e-01
4.400000000000002798e-01,9.004463578933080692e-02,-1.025113840549399767e-02,7.829503688300293307e-01
4.600000000000002975e-01,9.633438420063220042e-02,-1.264599039667908473e-02,7.824838185603442131e-01
4.800000000000003153e-01,1.024697274815341425e-01,-1.510365106757153783e-02,7.819379846481739893e-01
5.000000000000003331e-01,1.083614260548753649e-01,-1.756765283393877872e-02,7.814522960602026114e-01
5.200000000000003508e-01,1.139259961274085992e-01,-1.994990952372795515e-02,7.812085680342154559e-01
5.400000000000003686e-01,1.191713053651338727e-01,-2.214113797518104179e-02,7.815021229025543859e-01
5.600000000000003864e-01,1.241454314849236712e-01,-2.409590712488457465e-02,7.825422681704212735e-01
5.800000000000004041e-01,1.288785054288263954e-01,-2.586351824418153464e-02,7.844255024663148168e-01
6.000000000000004219e-01,1.334152372536892561e-01,-2.740355462921890625e-02,7.870708711281482195e-01
6.200000000000004396e-01,1.377623332925583255e-01,-2.867918076464558499e-02,7.903070098899092066e-01
6.400000000000004574e-01,1.418811821210853030e-01,-2.963337491170399407e-02,7.938347244160707250e-01
6.600000000000004752e-01,1.457039826136385108e-01,-3.018683955166531763e-02,7.972318646550017318e-01
6.800000000000004929e-01,1.490354830649665563e-01,-3.024966382788613420e-02,8.001313762005720642e-01
7.000000000000005107e-01,1.516810135983871766e-01,-2.983474982425007513e-02,8.022250189877665472e-01
7.200000000000005285e-01,1.537932687582721780e-01,-2.884352152737446051e-02,8.032214979146776734e-01
7.400000000000005462e-01,1.558269003072380865e-01,-2.710489735932117283e-02,8.029907787139990427e-01
7.600000000000005640e-01,1.582932875867600897e-01,-2.483957051614519781e-02,8.020978097322407629e-01
7.800000000000005818e-01,1.615349762126560007e-01,-2.253894121600718073e-02,8.016678340057402652e-01
8.000000000000005995e-01,1.655521440444778780e-01,-2.031864728437472734e-02,8.024201121849797724e-01
8.200000000000006173e-01,1.701179575890459927e-01,-1.818123998577070646e-02,8.035422120711519511e-01
8.400000000000006350e-01,1.752736745346322456e-01,-1.573134499573939846e-02,8.040009735339049834e-01
8.600000000000006528e-01,1.808976544594591562e-01,-1.279668874451474897e-02,8.034180193337479015e-01
8.800000000000006706e-01,1.867386175465957365e-01,-9.489906030839621864e-03,8.016418064203052474e-01
9.000000000000006883e-01,1.926185821552940935e-01,-5.953863186527078716e-03,7.983333855769141341e-01
9.200000000000007061e-01,1.982056904865335534e-01,-2.481138170437800078e-03,7.935039597781003984e-01
9.400000000000007239e-01,2.016720192561368141e-01,-3.822571014317453775e-04,7.909730431870312106e-01
9.600000000000007416e-01,2.043076114242506902e-01,1.952623163223574316e-03,7.880444693164168068e-01
9.800000000000007594e-01,2.064795838356278113e-01,4.149224668329561799e-03,7.871592237864469821e-01
1.000000000000000666e+00,2.089123446258096262e-01,6.602981874790937560e-03,7.869497945320793608e-01
1.020000000000000240e+00,2.118915910276610581e-01,9.048817596662492649e-03,7.868650420325794537e-01
1.039999999999999813e+00,2.154969789681147607e-01,1.125333018933687319e-02,7.868295576828977511e-01
1.059999999999999387e+00,2.196659890853149000e-01,1.327193478957891179e-02,7.868440798101190570e-01
1.079999999999998961e+00,2.242384149812177152e-01,1.521986930532891712e-02,7.868458744311773723e-01
1.099999999999998535e+00,2.289659434876856747e-01,1.710577140206955699e-02,7.867287859118559101e-01
1.119999999999998108e+00,2.337114092646764285e-01,1.881331360456392834e-02,7.864262282768594847e-01
1.139999999999997682e+00,2.384959681694429623e-01,2.016436205743612001e-02,7.859283424205965041e-01
1.159999999999997256e+00,2.434827528606443026e-01,2.117845793248191236e-02,7.855195340406754267e-01
1.179999999999996829e+00,2.486517650705572791e-01,2.178147073794941407e-02,7.854163844696855357e-01
1.199999999999996403e+00,2.538867800327495039e-01,2.190875368234237661e-02,7.854867703907455478e-01
1.219999999999995977e+00,2.591709216338262678e-01,2.164760320825022399e-02,7.856672057591956859e-01
1.239999999999995550e+00,2.645227697613514173e-01,2.107447586323889580e-02,7.858393169611688212e-01
1.259999999999995124e+00,2.699716962264958608e-01,2.025633323759361629e-02,7.858833170065477880e-01
1.279999999999994698e+00,2.755994386605543633e-01,1.924075936223160199e-02,7.857905979674522090e-01
1.299999999999994271e+00,2.814683962646138404e-01,1.807968017231144364e-02,7.854152193043627550e-01
1.319999999999993845e+00,2.876092351478033993e-01,1.696773762568936153e-02,7.850753391751712496e-01
1.339999999999993419e+00,2.939447851536861056e-01,1.580276188325679260e-02,7.848279768375404641e-01
1.359999999999992992e+00,3.004259418994519315e-01,1.464639919491327567e-02,7.844948012609443966e-01
1.379999999999992566e+00,3.070147483220108109e-01,1.360211139712033147e-02,7.839981122518345780e-01
1.399999999999992140e+00,3.136102473530761880e-01,1.275582156896635025e-02,7.833377871757605249e-01
1.419999999999991713e+00,3.200676299224780585e-01,1.217292941290832632e-02,7.825201255019672564e-01
1.439999999999991287e+00,3.262628222216856777e-01,1.186634662257630805e-02,7.815866627765163388e-01
1.459999999999990861e+00,3.321250712365448332e-01,1.182753238560941243e-02,7.806758532772480885e-01
1.479999999999990434e+00,3.376089945149053362e-01,1.200411777371407536e-02,7.799652699132452183e-01
1.499999999999990008e+00,3.427712763841431198e-01,1.235755610765033007e-02,7.797810600060425257e-01
1.519999999999989582e+00,3.477140384531106632e-01,1.286445576763126965e-02,7.804124711290910676e-01
1.539999999999989155e+00,3.525267747395926521e-01,1.352818346668295188e-02,7.820142750178152857e-01
1.559999999999988729e+00,3.572756151837864214e-01,1.438846446329106535e-02,7.846025582242368568e-01
1.579999999999988303e+00,3.619955996392862918e-01,1.548086442121620471e-02,7.880587375694736441e-01
1.599999999999987876e+00,3.667154951087019388e-01,1.680880338525477316e-02,7.921507965915488558e-01
1.619999999999987450e+00,3.714279277030356208e-01,1.833911922465639513e-02,7.965307903916842847e-01
1.639999999999987024e+00,3.760682105185830792e-01,1.999366490728519616e-02,8.006618475632587550e-01
1.659999999999986597e+00,3.804628049220986075e-01,2.160094411009243209e-02,8.041336084745748236e-01
1.679999999999986171e+00,3.844089906900807208e-01,2.299507073775430149e-02,8.068827569439990244e-01
1.699999999999985745e+00,3.878914663666080398e-01,2.398854792412198622e-02,8.087161472770678650e-01
1.719999999999985318e+00,3.911350548402249272e-01,2.433229539292793703e-02,8.095645197099152757e-01
1.739999999999984892e+00,3.944311117521910881e-01,2.402661448602777874e-02,8.099786172241719706e-01
1.759999999999984466e+00,3.978689614599423274e-01,2.328594867734943077e-02,8.107860256805498045e-01
1.779999999999984039e+00,4.015832632311346906e-01,2.254085664015257479e-02,8.122551951112744195e-01
1.799999999999983613e+00,4.056557439473389426e-01,2.213051993705808171e-02,8.139086138813829141e-01
1.819999999999983187e+00,4.099729894222057247e-01,2.196062274788285196e-02,8.153806792473677900e-01
1.839999999999982760e+00,4.146186596309156536e-01,2.170751425928149278e-02,8.164991865504042101e-01
1.859999999999982334e+00,4.197404431083849863e-01,2.120432416383207647e-02,8.170212381837327342e-01
1.879999999999981908e+00,4.253318161835503153e-01,2.045331322920625541e-02,8.166282577720119784e-01
1.899999999999981481e+00,4.312944985663909048e-01,1.946050707316406697e-02,8.149354259586116811e-01
1.919999999999981055e+00,4.373017773024875932e-01,1.833181700037530421e-02,8.119196629021091516e-01
1.939999999999980629e+00,4.413427215411152571e-01,1.734923059503239509e-02,8.116189867847515282e-01
1.959999999999980203e+00,4.450724199058389563e-01,1.551716631491507382e-02,8.115199478558543511e-01
1.979999999999979776e+00,4.487004690403846308e-01,1.332682568342143624e-02,8.107041669008330231e-01
1.999999999999979350e+00,4.520034632556793053e-01,1.132738728436465808e-02,8.091361223931702318e-01
2.019999999999979146e+00,4.549940694459719825e-01,9.768686986224751553e-03,8.067729058568128275e-01
2.039999999999978719e+00,4.577587563550749583e-01,8.756030712142127970e-03,8.035539427021787251e-01
2.059999999999978293e+00,4.603246067646458162e-01,8.249723458328146741e-03,7.994966076934627575e-01
2.079999999999977867e+00,4.626304821453218197e-01,8.137305435628343353e-03,7.946382284733007895e-01
2.099999999999977440e+00,4.644801942982051957e-01,8.533971530117489407e-03,7.901411572399376082e-01
2.119999999999977014e+00,4.661044209340717281e-01,9.477209117331896263e-03,7.886747057663257010e-01
2.139999999999976588e+00,4.680323996702627776e-01,1.042422982121044873e-02,7.883965371183212500e-01
2.159999999999976161e+00,4.703214846871558996e-01,1.138942180164533892e-02,7.886656966138295699e-01
2.179999999999975735e+00,4.729482525353985167e-01,1.249594087655046815e-02,7.890460956523174252e-01
2.199999999999975309e+00,4.757868472518803626e-01,1.388977079757353419e-02,7.892277567041176001e-01
2.219999999999974882e+00,4.786797518134518481e-01,1.571614356991777456e-02,7.890932940313064581e-01
2.239999999999974456e+00,4.815407154605100826e-01,1.805233024995809080e-02,7.886362972025169338e-01
2.259999999999974030e+00,4.843242173774286452e-01,2.084401117850102902e-02,7.879144090370375775e-01
2.279999999999973603e+00,4.870026518918760816e-01,2.400198126734534587e-02,7.869699857999188364e-01
2.299999999999973177e+00,4.895878052116284795e-01,2.747778564127940568e-02,7.858061646152526558e-01
2.319999999999972751e+00,4.920937101396348767e-01,3.125762731492399971e-02,7.843849520056875857e-01
2.339999999999972324e+00,4.945911569395302632e-01,3.516139730137377017e-02,7.833676413876993205e-01
2.359999999999971898e+00,4.972964344476427101e-01,3.925722903744739700e-02,7.831525792671978348e-01
2.379999999999971472e+00,5.002566338344709429e-01,4.373582792097160943e-02,7.832012132774620605e-01
2.399999999999971045e+00,5.034697605158444667e-01,4.848863772714439441e-02,7.834238442234761068e-01
2.419999999999970619e+00,5.069555856068493904e-01,5.337062338406615980e-02,7.838976613064070342e-01
2.439999999999970193e+00,5.107134721240103037e-01,5.830765943803557783e-02,7.847212658505815508e-01
2.459999999999969766e+00,5.147468540652403446e-01,6.336856021973745479e-02,7.855072987400734119e-01
2.479999999999969340e+00,5.190360263150060049e-01,6.850533312278654641e-02,7.860697062782723288e-01
2.499999999999968914e+00,5.235333909017801934e-01,7.366622683561920015e-02,7.863085101804102584e-01
2.519999999999968487e+00,5.281808054361070148e-01,7.880406184639415779e-02,7.861848493085636935e-01
2.539999999999968061e+00,5.329429072535942780e-01,8.385952301020982436e-02,7.857237811768053026e-01
2.559999999999967635e+00,5.377989599518241404e-01,8.875240576745625776e-02,7.850513803905490029e-01
2.579999999999967208e+00,5.427485926135319216e-01,9.353985889266384912e-02,7.845812464242095663e-01
2.599999999999966782e+00,5.477626549709773141e-01,9.791531780995288425e-02,7.842991334909571455e-01
2.619999999999966356e+00,5.528491376438728899e-01,1.016538108238129873e-01,7.840014741851545343e-01
2.639999999999965929e+00,5.581573599062590318e-01,1.048254717075813164e-01,7.836807362755213724e-01
2.659999999999965503e+00,5.638245684051234052e-01,1.075173470877295173e-01,7.833208072491085749e-01
2.679999999999965077e+00,5.699149556211668965e-01,1.097913201534663902e-01,7.828703700829099388e-01
2.699999999999964650e+00,5.764448058429650912e-01,1.116986843841580590e-01,7.822763790194724454e-01
2.719999999999964224e+00,5.835512880522408796e-01,1.133601313057649856e-01,7.817025423683370278e-01
2.739999999999963798e+00,5.909625384905242695e-01,1.147306869844328531e-01,7.809524524976866333e-01
2.759999999999963372e+00,5.986311695272227285e-01,1.157700894798272678e-01,7.800471892674010199e-01
2.779999999999962945e+00,6.064987258650825774e-01,1.164843558461037126e-01,7.789588123647303020e-01
2.799999999999962519e+00,6.145016937321612360e-01,1.168533608884521208e-01,7.776333290069998849e-01
2.819999999999962093e+00,6.227028005546253464e-01,1.169381114952162959e-01,7.761537223965977450e-01
2.839999999999961666e+00,6.310137680798539872e-01,1.167187617078467160e-01,7.744792559271357346e-01
2.859999999999961240e+00,6.395278621367912475e-01,1.162133507473984140e-01,7.728915439143447808e-01
2.879999999999960814e+00,6.479839397086321062e-01,1.156258660390444837e-01,7.724131888975794835e-01
2.899999999999960387e+00,6.565649582939766526e-01,1.148872496074778565e-01,7.733094006937690779e-01
2.919999999999959961e+00,6.653040918124071279e-01,1.140429743548225239e-01,7.754346705431304221e-01
2.939999999999959535e+00,6.738645030519009316e-01,1.131625369846563922e-01,7.784387734386880586e-01
2.959999999999959108e+00,6.816794971750862464e-01,1.122896544383765322e-01,7.815904784012014384e-01
2.979999999999958682e+00,6.882632872140601599e-01,1.113980977421990676e-01,7.840402276324038855e-01
2.999999999999958256e+00,6.938701440877580451e-01,1.106819708334307178e-01,7.855934005418113708e-01
3.019999999999957829e+00,6.988367973112010745e-01,1.104097823840734099e-01,7.860865485269035169e-01
3.039999999999957403e+00,7.036564902015395306e-01,1.106660863124997451e-01,7.857976570281799411e-01
3.059999999999956977e+00,7.087813263582862788e-01,1.112651648003951110e-01,7.852066558062249513e-01
3.079999999999956550e+00,7.143130618831022849e-01,1.120421289722855207e-01,7.846988169820033887e-01
3.099999999999956124e+00,7.200343439586360805e-01,1.129284844545355299e-01,7.843754073318813802e-01
3.119999999999955698e+00,7.257018832471592296e-01,1.138130376102347713e-01,7.842627042758061329e-01
3.139999999999955271e+00,7.313945341306726800e-01,1.146791869555097709e-01,7.841782248106935471e-01
3.159999999999954845e+00,7.374068353209431992e-01,1.158100520835401021e-01,7.837984034020404334e-01
3.179999999999954419e+00,7.437814242324244374e-01,1.173575762598403349e-01,7.829749161604220298e-01
3.199999999999953992e+00,7.503554101677355481e-01,1.191840568615119694e-01,7.817272385327034279e-01
3.219999999999953566e+00,7.569960988933180923e-01,1.211827306179302649e-01,7.801102509225700254e-01
3.239999999999953140e+00,7.636059619720926284e-01,1.233223260827901041e-01,7.780738060530849598e-01
3.259999999999952713e+00,7.701387612416481510e-01,1.256759207160994818e-01,7.755354450224105634e-01
3.279999999999952287e+00,7.760008215832902012e-01,1.277711795503964631e-01,7.739364606639659305e-01
3.299999999999951861e+00,7.810623593523041697e-01,1.295165484524473942e-01,7.754511460863239281e-01
3.319999999999951434e+00,7.861675400333069108e-01,1.319109962703607919e-01,7.779717717834008228e-01
3.339999999999951008e+00,7.915262899022902365e-01,1.346725709592014320e-01,7.808326973946714267e-01
3.359999999999950582e+00,7.970817412979824823e-01,1.374825355403598293e-01,7.834863725606920903e-01
3.379999999999950155e+00,8.025924219367421841e-01,1.402036639455011280e-01,7.854762759612267109e-01
3.399999999999949729e+00,8.079463700271181104e-01,1.429248378292587718e-01,7.868062700413419597e-01
3.419999999999949303e+00,8.132413686257924379e-01,1.456808043864349644e-01,7.875743274756302759e-01
3.439999999999948876e+00,8.186833690247258266e-01,1.484017309349350278e-01,7.878782488242925819e-01
3.459999999999948450e+00,8.244847538580573065e-01,1.510500600141681249e-01,7.878518987748100999e-01
3.479999999999948024e+00,8.307466510810206373e-01,1.536030949593798212e-01,7.876682604645992569e-01
3.499999999999947597e+00,8.373175753112870323e-01,1.560975165719663826e-01,7.872631968402592495e-01
3.519999999999947171e+00,8.440350944221963747e-01,1.585197338231258135e-01,7.866091440793093748e-01
3.539999999999946745e+00,8.510285167081943491e-01,1.608043110411860321e-01,7.857943721957761918e-01
3.559999999999946318e+00,8.586590871103896294e-01,1.630144136759172357e-01,7.851382909000605981e-01
3.579999999999945892e+00,8.665774664753601586e-01,1.648853586197504550e-01,7.844406253728861689e-01
3.599999999999945466e+00,8.746220305310178356e-01,1.663569740572455047e-01,7.837106444165594654e-01
3.619999999999945040e+00,8.827414044075054811e-01,1.674572025645876538e-01,7.830200006566072624e-01
3.639999999999944613e+00,8.907741080161151181e-01,1.683570302674251562e-01,7.829731575228910945e-01
3.659999999999944187e+00,8.988302767533682403e-01,1.688462599407107856e-01,7.829322935596157995e-01
3.679999999999943761e+00,9.068740668498698199e-01,1.690609308358494711e-01,7.827221593346354034e-01
3.699999999999943334e+00,9.148084543947468950e-01,1.691443480220926887e-01,7.823803610118592600e-01
3.719999999999942908e+00,9.225664520572686156e-01,1.691554434463795609e-01,7.820340372852064847e-01
3.739999999999942482e+00,9.300715475565335399e-01,1.691236732044388569e-01,7.818056971521721854e-01
3.759999999999942055e+00,9.372344781951844617e-01,1.690692956083959808e-01,7.818831910974178845e-01
3.779999999999941629e+00,9.439938025893319651e-01,1.690560410660219282e-01,7.824709963962305226e-01
3.799999999999941203e+00,9.503131666075683714e-01,1.691855786413947182e-01,7.836775124697130668e-01
3.819999999999940776e+00,9.561626454676666054e-01,1.694888461071178687e-01,7.854801476091830548e-01
3.839999999999940350e+00,9.614777814529309463e-01,1.699787205551048508e-01,7.876371930568214497e-01
3.859999999999939924e+00,9.661161609185923149e-01,1.706866123113068567e-01,7.896662301974777254e-01
3.879999999999939497e+00,9.698552312201939030e-01,1.716137833331937701e-01,7.911719825262174544e-01
3.899999999999939071e+00,9.728307942729125246e-01,1.728140738613924143e-01,7.918774774071499767e-01
3.919999999999938645e+00,9.754397706848756400e-01,1.745125686159449963e-01,7.915880217110310424e-01
3.939999999999938218e+00,9.782509702615758140e-01,1.767810343234718640e-01,7.906693865710457958e-01
3.959999999999937792e+00,9.817311872018794627e-01,1.793730587274580679e-01,7.900041137363883470e-01
3.979999999999937366e+00,9.858881595220304606e-01,1.821935611594319437e-01,7.903007391301017925e-01
3.999999999999936939e+00,9.904228724616996882e-01,1.851781888494720141e-01,7.909751956297875752e-01
4.019999999999936513e+00,9.952018528005006637e-01,1.887196280851735630e-01,7.911313967710206230e-01
4.039999999999936087e+00,1.000116594416982529e+00,1.928936320934807880e-01,7.904185930048885922e-01
4.059999999999935660e+00,1.005054772942773678e+00,1.972710895744646253e-01,7.891987111885602202e-01
4.079999999999935234e+00,1.009800003367439247e+00,2.017462697752492873e-01,7.875232740165208911e-01
4.099999999999934808e+00,1.014191692938527289e+00,2.063430111340611439e-01,7.849798578886912903e-01
4.119999999999934381e+00,1.017399408579642950e+00,2.097241137659769938e-01,7.844869551448793166e-01
4.139999999999933955e+00,1.020226037799823127e+00,2.127799916084667786e-01,7.854203152997976112e-01
4.159999999999933529e+00,1.022945094222480700e+00,2.161345798925969341e-01,7.863527483946515240e-01
4.179999999999933102e+00,1.025711732736611204e+00,2.196172796218479051e-01,7.870127682210320552e-01
4.199999999999932676e+00,1.028759954889915118e+00,2.229963894366920329e-01,7.873656573430743988e-01
4.219999999999932250e+00,1.032227129412422340e+00,2.262487807181746136e-01,7.875194148900036550e-01
4.239999999999931823e+00,1.036175595575714814e+00,2.294638554411062292e-01,7.876030021910842560e-01
4.259999999999931397e+00,1.040552242745699241e+00,2.327426894227609122e-01,7.876202584372535842e-01
4.279999999999930971e+00,1.045925504935586670e+00,2.365729441385397980e-01,7.877662595808347934e-01
4.299999999999930544e+00,1.051298032757129297e+00,2.403176690183826403e-01,7.879416279853030947e-01
4.319999999999930118e+00,1.056323859172157320e+00,2.434539974755893510e-01,7.877666903483595551e-01
4.339999999999929692e+00,1.061083178551511574e+00,2.458913508730843356e-01,7.871554722135691851e-01
4.359999999999929265e+00,1.065651929108242246e+00,2.476707333806003608e-01,7.860978310821847836e-01
4.379999999999928839e+00,1.070288632719428090e+00,2.490031316646005854e-01,7.847487022700982973e-01
4.399999999999928413e+00,1.075134881155440203e+00,2.500204330338204883e-01,7.831557159648411259e-01
4.419999999999927986e+00,1.080153629179272823e+00,2.510993982501935062e-01,7.818600767030379206e-01
4.439999999999927560e+00,1.085532013720296396e+00,2.519978523926756919e-01,7.811446919154436674e-01
4.459999999999927134e+00,1.091232183083814089e+00,2.524061265310281188e-01,7.807357731929207567e-01
4.479999999999926708e+00,1.096942718792186522e+00,2.522908188463442447e-01,7.803063123241424925e-01
4.499999999999926281e+00,1.102366235987519039e+00,2.518608667156294612e-01,7.799460145060389538e-01
4.519999999999925855e+00,1.107326597991881822e+00,2.512774408687586392e-01,7.798502793117157994e-01
4.539999999999925429e+00,1.111774941546452400e+00,2.506218989503198880e-01,7.802294610122809670e-01
4.559999999999925002e+00,1.115761374864790101e+00,2.499393007786185894e-01,7.813041236224680386e-01
4.579999999999924576e+00,1.119390404347690771e+00,2.492792225321421862e-01,7.831878465521217025e-01
4.599999999999924150e+00,1.122762679118278317e+00,2.487153790905829720e-01,7.858395662371782109e-01
4.619999999999923723e+00,1.125974052440397610e+00,2.483155974105146213e-01,7.891286841785999373e-01
4.639999999999923297e+00,1.129092859224635204e+00,2.481327704015319491e-01,7.928741948345013890e-01
4.659999999999922871e+00,1.132163277158706682e+00,2.482139235806511968e-01,7.968732451227327207e-01
4.679999999999922444e+00,1.135187598384982843e+00,2.486045469762375726e-01,8.009607863728128718e-01
4.699999999999922018e+00,1.138127674930085709e+00,2.493124734496701411e-01,8.049887077705206728e-01
4.719999999999921592e+00,1.140923126620992489e+00,2.503227583188853411e-01,8.088117016787218505e-01
4.739999999999921165e+00,1.143517674738005363e+00,2.515837460759899891e-01,8.123191325743723823e-01
4.759999999999920739e+00,1.145887197273138813e+00,2.530246544667192343e-01,8.154054437300080060e-01
4.779999999999920313e+00,1.148038060528407067e+00,2.546132043063395467e-01,8.179950608355955888e-01
4.799999999999919886e+00,1.150004189111380803e+00,2.563599708541610123e-01,8.200996890117503435e-01
4.819999999999919460e+00,1.151849559316906468e+00,2.583054946038026434e-01,8.217911978539305107e-01
4.839999999999919034e+00,1.153652896031847952e+00,2.605048245110823668e-01,8.231609660363954362e-01
4.859999999999918607e+00,1.155474778434043115e+00,2.630310072957760537e-01,8.242723668518332492e-01
4.879999999999918181e+00,1.157335014630849201e+00,2.659700295184573293e-01,8.250874433553417875e-01
4.899999999999917755e+00,1.159155068199887229e+00,2.694317674536542140e-01,8.254017099414187042e-01
4.919999999999917328e+00,1.160822159620151117e+00,2.735654361858305128e-01,8.251124649367495012e-01
4.939999999999916902e+00,1.162360066578378870e+00,2.787182991128802079e-01,8.242548116496147825e-01
4.959999999999916476e+00,1.163832983263668241e+00,2.853175157517927052e-01,8.225189822478259360e-01
4.979999999999916049e+00,1.165805328279655217e+00,2.933246710000032564e-01,8.197012047382127298e-01
4.999999999999915623e+00,1.168068012371911601e+00,3.020176899816138238e-01,8.162056844075621376e-01
5.019999999999915197e+00,1.170225022033301476e+00,3.110011552809800461e-01,8.121925860311983714e-01
5.039999999999914770e+00,1.171942405931154951e+00,3.198799209138636912e-01,8.091050303941994537e-01
5.059999999999914344e+00,1.173406984394382180e+00,3.288868535944325378e-01,8.083753905459220013e-01
5.079999999999913918e+00,1.175664859220949099e+00,3.378231587400004621e-01,8.100061636717170721e-01
5.099999999999913491e+00,1.179815856571874155e+00,3.467906702034919686e-01,8.117565909328993135e-01
5.119999999999913065e+00,1.183913885298405910e+00,3.539796811332145410e-01,8.155942704412225686e-01
5.139999999999912639e+00,1.186169692491783501e+00,3.592140399893802294e-01,8.207183298935647464e-01
5.159999999999912212e+00,1.187418945820017280e+00,3.637926832182273307e-01,8.253126720536284600e-01
5.179999999999911786e+00,1.188832494430134945e+00,3.684641775772059535e-01,8.294200400378626270e-01
5.199999999999911360e+00,1.191200613318946999e+00,3.731866373837177675e-01,8.330495017120153056e-01
5.219999999999910933e+00,1.194127410538146972e+00,3.775512775439984758e-01,8.361746054406272721e-01
5.239999999999910507e+00,1.197114059759489368e+00,3.813416933262821495e-01,8.398055473108935187e-01
5.259999999999910081e+00,1.200176250187976690e+00,3.845111534714397705e-01,8.441629009227155089e-01
5.279999999999909654e+00,1.203201278216855741e+00,3.874158386648616226e-01,8.491104694335297465e-01
5.299999999999909228e+00,1.206218198803304054e+00,3.904600347713101938e-01,8.542685851175333411e-01
5.319999999999908802e+00,1.209441212019105150e+00,3.937849233978510388e-01,8.591359042455606332e-01
5.339999999999908376e+00,1.212867670182136592e+00,3.973267830116972155e-01,8.628571762118464328e-01
5.359999999999907949e+00,1.216637261069141163e+00,4.009472512674977507e-01,8.655307552579214470e-01
5.379999999999907523e+00,1.219625897642680812e+00,4.041339597408218909e-01,8.660191369341735390e-01
5.399999999999907097e+00,1.222526169621062753e+00,4.079040273207055201e-01,8.695031244092252809e-01
5.419999999999906670e+00,1.225790192764820707e+00,4.115361269355885532e-01,8.740666737834045241e-01
5.439999999999906244e+00,1.229012236323972163e+00,4.146364580541521128e-01,8.791569939112742205e-01
5.459999999999905818e+00,1.232031970920550501e+00,4.173370354774172952e-01,8.839708799386402083e-01
5.479999999999905391e+00,1.234978375697272535e+00,4.197992912699297086e-01,8.893495042767520786e-01
5.499999999999904965e+00,1.238149860877810093e+00,4.225242363573679105e-01,8.950306209099958554e-01
5.519999999999904539e+00,1.241502985651462332e+00,4.256885744343272826e-01,9.006710293706791104e-01
5.539999999999904112e+00,1.244927852767122145e+00,4.292003391477163809e-01,9.061173067449916907e-01
5.559999999999903686e+00,1.248321304351853733e+00,4.329266305771887757e-01,9.113751092322857073e-01
5.579999999999903260e+00,1.251666304399101204e+00,4.368754373407771063e-01,9.163137990546927902e-01
5.599999999999902833e+00,1.254950011908158025e+00,4.410120081310436868e-01,9.207602133655939936e-01
5.619999999999902407e+00,1.258131446089422845e+00,4.452634639196148547e-01,9.247395623296443823e-01
5.639999999999901981e+00,1.261166831552593903e+00,4.496338722351656547e-01,9.283285194262324014e-01
5.659999999999901554e+00,1.264029079190057470e+00,4.541079212086829853e-01,9.315823250460905092e-01
5.679999999999901128e+00,1.266723437741692049e+00,4.586659352637909026e-01,9.344613254352132081e-01
5.699999999999900702e+00,1.269322639922806806e+00,4.633452167031982816e-01,9.366865028530644288e-01
5.719999999999900275e+00,1.271799012996150724e+00,4.681321956759644243e-01,9.381935160021510622e-01
5.739999999999899849e+00,1.274138913646166493e+00,4.729058051899908688e-01,9.391090470606459073e-01
5.759999999999899423e+00,1.276430535654193177e+00,4.775217677954995410e-01,9.395808979473108113e-01
5.779999999999898996e+00,1.278815500369620661e+00,4.818834549054737404e-01,9.397544583396376661e-01
5.799999999999898570e+00,1.281458759726652907e+00,4.859961341999599616e-01,9.397447165965091553e-01
5.819999999999898144e+00,1.284493762745656076e+00,4.899462284695005332e-01,9.396416064078483288e-01
5.839999999999897717e+00,1.287969825818523706e+00,4.938369049224910490e-01,9.395009892798237283e-01
5.859999999999897291e+00,1.291869132411665344e+00,4.976725555970225034e-01,9.393343093244659325e-01
5.879999999999896865e+00,1.296430369163681373e+00,5.016353248266056664e-01,9.393675625873777468e-01
5.899999999999896438e+00,1.301341815760818088e+00,5.054558861421577509e-01,9.397017063361060574e-01
5.919999999999896012e+00,1.306295464464815037e+00,5.087206087323666859e-01,9.400377959185024501e-01
5.939999999999895586e+00,1.311332168661199393e+00,5.114328724838970164e-01,9.403138835655050487e-01
5.959999999999895159e+00,1.316482314998808079e+00,5.136299919303660699e-01,9.405246276067568134e-01
5.979999999999894733e+00,1.321866825174835336e+00,5.154409024461645838e-01,9.407132816805579001e-01
5.999999999999894307e+00,1.327560746731143659e+00,5.169250755305402345e-01,9.408748199099866705e-01
6.019999999999893880e+00,1.333573126971189682e+00,5.180669691935241294e-01,9.409325125570183745e-01
6.039999999999893454e+00,1.339867417954646367e+00,5.188505035832220447e-01,9.408442679767008432e-01
6.059999999999893028e+00,1.346446518117764723e+00,5.192638201332653303e-01,9.405794432001325367e-01
6.079999999999892601e+00,1.353258760269904881e+00,5.192848152523981131e-01,9.401137513123994927e-01
6.099999999999892175e+00,1.360151925843975151e+00,5.188930802499471806e-01,9.394624229018669892e-01
6.119999999999891749e+00,1.367303955167343377e+00,5.179955134233803493e-01,9.384732996226766710e-01
6.139999999999891322e+00,1.374699368795989196e+00,5.167022804407462866e-01,9.371573359399475445e-01
6.159999999999890896e+00,1.382295908218088121e+00,5.153148624958883151e-01,9.356928255942352779e-01
6.179999999999890470e+00,1.389976632595901540e+00,5.141359446837473479e-01,9.340972959978923740e-01
6.199999999999890044e+00,1.398007295378147052e+00,5.131548779592319809e-01,9.322887056462900723e-01
6.219999999999889617e+00,1.406202854693637594e+00,5.128844874375251273e-01,9.304991002766349606e-01
6.239999999999889191e+00,1.414470387876819446e+00,5.131091455481202601e-01,9.292180216817931271e-01
6.259999999999888765e+00,1.422698602957588987e+00,5.129505445691303622e-01,9.293566937346676715e-01
6.279999999999888338e+00,1.430647213784951299e+00,5.121865518467123568e-01,9.321529056371424815e-01
6.299999999999887912e+00,1.438557136114211321e+00,5.108727844480731584e-01,9.379137209065105951e-01
6.319999999999887486e+00,1.447348638857979930e+00,5.094471869635822658e-01,9.451422922448482478e-01
6.339999999999887059e+00,1.458129556601228005e+00,5.082710449914451534e-01,9.517621588670246435e-01
6.359999999999886633e+00,1.467228111237091071e+00,5.068991313153844436e-01,9.619148543035050958e-01
6.379999999999886207e+00,1.475184583642097147e+00,5.052558965328025620e-01,9.733909542331991016e-01
6.399999999999885780e+00,1.483144448446025443e+00,5.033649108075273215e-01,9.832715387299009180e-01
6.419999999999885354e+00,1.490965475593974965e+00,5.017391817343261895e-01,9.911857514211939169e-01
6.439999999999884928e+00,1.498399642211118765e+00,5.006630238288616308e-01,9.975352534552920369e-01
6.459999999999884501e+00,1.505414537399615504e+00,5.000953556906401198e-01,1.002992677984717584e+00
6.479999999999884075e+00,1.512063345203762621e+00,5.000806451886872228e-01,1.008160458807944915e+00
6.499999999999883649e+00,1.518369766834605450e+00,5.005577917443680969e-01,1.013415709471926718e+00
6.519999999999883222e+00,1.524392225070012152e+00,5.013815961076371064e-01,1.018870176445779485e+00
6.539999999999882796e+00,1.530181875824490945e+00,5.025001216200500886e-01,1.024622864982389192e+00
6.559999999999882370e+00,1.535765905090274774e+00,5.040654982963276298e-01,1.030666725072022727e+00
6.579999999999881943e+00,1.541133713818197526e+00,5.062074510492188262e-01,1.037021924036497733e+00
6.599999999999881517e+00,1.546333540321915390e+00,5.089886257164436545e-01,1.043721470810023977e+00
6.619999999999881091e+00,1.551470075457068720e+00,5.124157386616607912e-01,1.050846995685293050e+00
6.639999999999880664e+00,1.556637436258799356e+00,5.164401499372026638e-01,1.058404083779011629e+00
6.659999999999880238e+00,1.561893319632444488e+00,5.210284831590702437e-01,1.066104086566489917e+00
6.679999999999879812e+00,1.567231388527112523e+00,5.261230867938687661e-01,1.073451662581657251e+00
6.699999999999879385e+00,1.572617885056371900e+00,5.316225830894026894e-01,1.079920583994514738e+00
6.719999999999878959e+00,1.578073665067779796e+00,5.374305400112179276e-01,1.085232778966573219e+00
6.739999999999878533e+00,1.583753202622412815e+00,5.434656414061318497e-01,1.089263209493737117e+00
6.759999999999878106e+00,1.589792958435911174e+00,5.497449128425536680e-01,1.092151462912082094e+00
6.779999999999877680e+00,1.596350167493930883e+00,5.561849286387517965e-01,1.093944157714192178e+00
6.799999999999877254e+00,1.603467299582084227e+00,5.626722338122620570e-01,1.094715946718536115e+00
6.819999999999876827e+00,1.611018789082356184e+00,5.692272021460709208e-01,1.094463259465659144e+00
6.839999999999876401e+00,1.618824458495297769e+00,5.759598691077711941e-01,1.093192719988167472e+00
6.859999999999875975e+00,1.626702688819102738e+00,5.828908027418128190e-01,1.090940308866883202e+00
6.879999999999875548e+00,1.634481372294236179e+00,5.900055386810921787e-01,1.087748482164686781e+00
6.899999999999875122e+00,1.641962032563405449e+00,5.974041432449963551e-01,1.083727801205337515e+00
6.919999999999874696e+00,1.649068574534453546e+00,6.038113276442880206e-01,1.082387764891431958e+00
6.939999999999874269e+00,1.655712184896136252e+00,6.101167601443754362e-01,1.082934497885333247e+00
6.959999999999873843e+00,1.661824582273230266e+00,6.168515501692174441e-01,1.083505390412431435e+00
6.979999999999873417e+00,1.667513319171380681e+00,6.236120283721703350e-01,1.084089287204116347e+00
6.999999999999872990e+00,1.672733698156132043e+00,6.301391797619115831e-01,1.084875110995139114e+00
7.019999999999872564e+00,1.677520128017909284e+00,6.362868821688527632e-01,1.086045253158461898e+00
7.039999999999872138e+00,1.681971210153349272e+00,6.420821775189310410e-01,1.087684341456829573e+00
7.059999999999871712e+00,1.686199409800427373e+00,6.476044688193202115e-01,1.089726845054851179e+00
7.079999999999871285e+00,1.690308043416985706e+00,6.528893977450357378e-01,1.091953215511212605e+00
7.099999999999870859e+00,1.694378285679165597e+00,6.578636673893721865e-01,1.093995932259453019e+00
7.119999999999870433e+00,1.698320011470718871e+00,6.624043372942223229e-01,1.095807446262866414e+00
7.139999999999870006e+00,1.701972024156267693e+00,6.663680392327284707e-01,1.097401172096218236e+00
7.159999999999869580e+00,1.705382849704707660e+00,6.696159379208184159e-01,1.098612452964810693e+00
7.179999999999869154e+00,1.708747818508988381e+00,6.722208379081043850e-01,1.099471949533054271e+00
7.199999999999868727e+00,1.712332911968085458e+00,6.744973179531059682e-01,1.100261875292604774e+00
7.219999999999868301e+00,1.716317430454538551e+00,6.767235956502105632e-01,1.100016468011597581e+00
7.239999999999867875e+00,1.719159574914239652e+00,6.790317555080023215e-01,1.098756805505831657e+00
7.259999999999867448e+00,1.721227155427951905e+00,6.811013274232806669e-01,1.096753591012376905e+00
7.279999999999867022e+00,1.723292460017515237e+00,6.829048993567115033e-01,1.095281646452199498e+00
7.299999999999866596e+00,1.725619984544154217e+00,6.844455689053272618e-01,1.095710680348196853e+00
7.319999999999866169e+00,1.728219599420983910e+00,6.861361245765646988e-01,1.098314852759554983e+00
7.339999999999865743e+00,1.731238081368734250e+00,6.880894518095680423e-01,1.102444337533873275e+00
7.359999999999865317e+00,1.735168976685359743e+00,6.900877557725111355e-01,1.107091809072796140e+00
7.379999999999864890e+00,1.738238821404932022e+00,6.917428339551908723e-01,1.114529019971757684e+00
7.399999999999864464e+00,1.741627474726901159e+00,6.927752724691836894e-01,1.123906345929663875e+00
7.419999999999864038e+00,1.746045357079760274e+00,6.933291151875368152e-01,1.133107694020512923e+00
7.439999999999863611e+00,1.751057088239080128e+00,6.936894299624194460e-01,1.141242238757586458e+00
7.459999999999863185e+00,1.756059538865777148e+00,6.938651357153647892e-01,1.147667062947579142e+00
7.479999999999862759e+00,1.760599098098864168e+00,6.939922683829212735e-01,1.152267693007323235e+00
7.499999999999862332e+00,1.764758252943900096e+00,6.940781603505135067e-01,1.155797727476626235e+00
7.519999999999861906e+00,1.768895452582083472e+00,6.939829790879389337e-01,1.158878544980691316e+00
7.539999999999861480e+00,1.773107033282169676e+00,6.940650377700280371e-01,1.161492832417448495e+00
7.559999999999861053e+00,1.777247021566238372e+00,6.948705378095041407e-01,1.163609714158684527e+00
7.579999999999860627e+00,1.780902747649003137e+00,6.967704572437015687e-01,1.165595629853788617e+00
7.599999999999860201e+00,1.783742960752813467e+00,6.997597835748939898e-01,1.167875092987876728e+00
7.619999999999859774e+00,1.785716586504048964e+00,7.034902892635968019e-01,1.170796099136505175e+00
7.639999999999859348e+00,1.786888635674303671e+00,7.075646139166603676e-01,1.174522067176718476e+00
7.659999999999858922e+00,1.787399640869056006e+00,7.116547115285284386e-01,1.179086463421314512e+00
7.679999999999858495e+00,1.787524389590848362e+00,7.156104955354476438e-01,1.184538111608396838e+00
7.699999999999858069e+00,1.787637238449233168e+00,7.195017139141538509e-01,1.190960042416189246e+00
7.719999999999857643e+00,1.787969636208079915e+00,7.234908508435216046e-01,1.198100645460375757e+00
7.739999999999857216e+00,1.788632829554257953e+00,7.277396848921047212e-01,1.205401524959194726e+00
7.759999999999856790e+00,1.789714882961728648e+00,7.324339602331333410e-01,1.212145004743852228e+00
7.779999999999856364e+00,1.791131126752492309e+00,7.378645734588723526e-01,1.217821018590565796e+00
7.799999999999855937e+00,1.792703046991412918e+00,7.440859010296823062e-01,1.222197324928465223e+00
7.819999999999855511e+00,1.794278592821378027e+00,7.508204163375591378e-01,1.225111519400655657e+00
7.839999999999855085e+00,1.795700963311976039e+00,7.578358698463725229e-01,1.226473906106896328e+00
7.859999999999854658e+00,1.796828714608875943e+00,7.651554411260365063e-01,1.226223511547719136e+00
7.879999999999854232e+00,1.797548342997923099e+00,7.728844726208633498e-01,1.224295669177354329e+00
7.899999999999853806e+00,1.797791949003214151e+00,7.810577966412100004e-01,1.220576721479098126e+00
7.919999999999853380e+00,1.797495110259991202e+00,7.896960589033484856e-01,1.214852848955872311e+00
7.939999999999852953e+00,1.796499138624355840e+00,7.987750261289304765e-01,1.206761384031652451e+00
7.959999999999852527e+00,1.794610152702120320e+00,8.081676880390931128e-01,1.195815945039406580e+00
7.979999999999852101e+00,1.791791878586876718e+00,8.177292686007837652e-01,1.181715683552292839e+00
7.999999999999851674e+00,1.788126494705929437e+00,8.273384314993837974e-01,1.164302519773091626e+00
8.019999999999853912e+00,1.783683694727499880e+00,8.370019005798281508e-01,1.143556586390097163e+00
8.039999999999857039e+00,1.778577245642567473e+00,8.466431425289101531e-01,1.119346226456590543e+00
8.059999999999860165e+00,1.772810358866244940e+00,8.560387316111017775e-01,1.091973435106967649e+00
8.079999999999863292e+00,1.767055324704816854e+00,8.649266640765440606e-01,1.060979070217987763e+00
8.099999999999866418e+00,1.761998524495171914e+00,8.735419169229675651e-01,1.026000829063718811e+00
8.119999999999869544e+00,1.757778125999477359e+00,8.822541042066894823e-01,9.872907968795781031e-01
8.139999999999872671e+00,1.754361279341379642e+00,8.911307191779614945e-01,9.450458826028670378e-01
8.159999999999875797e+00,1.751518491093451368e+00,9.002271947576101496e-01,8.995150631296084942e-01
8.179999999999878924e+00,1.752247974491902172e+00,9.076337968069749795e-01,8.659992731355931062e-01
8.199999999999882050e+00,1.755418933019140315e+00,9.142372902820922187e-01,8.445742557751363400e-01
8.219999999999885176e+00,1.758205612294330589e+00,9.212447749215995074e-01,8.222492213629035707e-01
8.239999999999888303e+00,1.762983925951831177e+00,9.283103941354666766e-01,8.034071028259792691e-01
8.259999999999891429e+00,1.772967327685856853e+00,9.366497798416978382e-01,7.971177987678225163e-01
8.279999999999894555e+00,1.782790004910518089e+00,9.467471476027040644e-01,7.943519010949362524e-01
8.299999999999897682e+00,1.790766725162723061e+00,9.577365942968132373e-01,7.942622570969541940e-01
8.319999999999900808e+00,1.796589782965665627e+00,9.687981347870479043e-01,7.970630952408617187e-01
8.339999999999903935e+00,1.800998720314133328e+00,9.798265052974648448e-01,8.028191287740590321e-01
8.359999999999907061e+00,1.805130290846664654e+00,9.910302118303890850e-01,8.106374288907349790e-01
8.379999999999910187e+00,1.810414817339671245e+00,1.002506052623614252e+00,8.187204131382882499e-01
