gen,best_gen,mean_gen,best_ever,seconds,slow_gain,v_min,k_y,k_slope,k_yaw,yaw_slope,hip,knee,ankle,t_swing,trigger,w_toe,reach,t_reach,push,boost,A warm-up pass,C1 step 5cm pass,C2 step 10cm pass,D1 up 10/30 pass,H1 stairs 15deg pass,F1 cross 5deg pass
0,0.462,0.3381,0.462,205.9,0.4828,0.344,1.5533,5.5707,3.7224,1.5818,0.13,0.7646,0.2338,0.2585,0.3832,0.0629,0.1726,0.2504,0.1236,0.0004,1.0,0.25,0.25,0.0,0.0,0.75
1,0.4592,0.3504,0.462,219.0,0.6044,0.2405,1.1341,5.27,3.7896,1.4447,0.1037,0.7586,0.2605,0.1565,0.6216,0.0719,0.1877,0.3184,0.0855,0.0675,1.0,0.25,0.25,0.0,0.0,1.0
2,0.5114,0.3584,0.5114,204.2,0.4725,0.4045,0.6776,5.1472,2.4961,1.6271,0.2795,0.8457,0.0271,0.1509,0.6559,0.0006,0.2065,0.4148,0.0752,0.1474,1.0,0.0,0.5,0.0,0.0,0.5
3,0.4608,0.3482,0.5114,220.9,0.3635,0.3314,2.7909,4.6198,1.8164,1.0104,0.0876,1.1062,0.0003,0.1913,0.4767,0.1948,0.1361,0.3345,0.0074,0.0958,1.0,0.75,0.0,0.0,0.0,0.75
4,0.5305,0.4124,0.5305,104.9,0.6876,0.3109,0.7487,5.7538,2.4382,1.4522,0.1023,0.7675,0.2695,0.2011,0.5208,0.0003,0.0028,0.2656,0.0676,0.2693,1.0,0.5,0.25,0.0,0.0,0.5
5,0.4912,0.3641,0.5305,122.8,0.8104,0.2653,0.5673,5.764,1.0304,1.7165,0.1257,0.6327,0.2714,0.1815,0.6456,0.0834,0.0008,0.3335,0.1912,0.1612,1.0,0.5,0.25,0.0,0.0,0.25
6,0.4761,0.3741,0.5305,116.3,0.5335,0.2826,0.7704,5.3696,2.0297,1.0392,0.0307,0.5648,0.0668,0.1791,0.734,0.1967,0.0392,0.3712,0.2525,0.2381,1.0,0.75,0.0,0.0,0.0,0.5
7,0.4403,0.3647,0.5305,117.3,0.5135,0.3711,0.5415,5.948,1.3817,1.5326,0.1043,0.7421,0.0534,0.2348,0.6369,0.1526,0.011,0.3553,0.117,0.1819,1.0,0.25,0.0,0.0,0.0,0.75
8,0.4553,0.3775,0.5305,109.4,0.7775,0.4436,1.5899,5.5238,2.6648,1.9308,0.0877,0.6718,0.0392,0.2663,0.6517,0.0008,0.1635,0.4488,0.2391,0.129,1.0,0.5,0.0,0.0,0.0,0.75
9,0.5652,0.4069,0.5652,111.5,0.5753,0.4641,0.9534,5.975,3.0266,1.7117,0.001,0.5923,0.1999,0.1561,0.6102,0.0739,0.326,0.3793,0.0839,0.0349,1.0,0.5,0.25,0.0,0.0,1.0
10,0.5678,0.4107,0.5678,106.1,0.4964,0.4933,0.1771,4.5302,2.8409,1.3705,0.0728,0.5949,0.1952,0.2172,0.6136,0.1047,0.2892,0.513,0.1586,0.1349,1.0,0.5,0.25,0.0,0.0,0.75
11,0.4771,0.3928,0.5678,111.8,0.2148,0.4271,1.4972,4.4043,2.1502,1.4628,0.0486,0.6382,0.1109,0.1893,0.4899,0.1593,0.0722,0.3886,0.0474,0.0089,1.0,0.25,0.0,0.0,0.0,1.0
12,0.4874,0.3844,0.5678,106.4,0.7004,0.5,0.996,5.9983,2.5633,1.7921,0.1278,0.4364,0.0692,0.2905,0.513,0.095,0.0383,0.4018,0.2318,0.052,1.0,0.25,0.0,0.25,0.0,1.0
13,0.5081,0.3668,0.5678,103.8,0.5584,0.4509,1.0356,3.6134,2.3438,1.936,0.0176,0.7393,0.0475,0.2544,0.4886,0.0324,0.0359,0.3741,0.1948,0.1262,1.0,0.75,0.0,0.0,0.0,1.0
14,0.4948,0.4032,0.5678,108.5,0.7064,0.4917,0.9966,5.7501,1.684,1.8365,0.0343,0.623,0.0004,0.2886,0.5022,0.1589,0.1629,0.4368,0.1716,0.0984,1.0,0.5,0.0,0.0,0.0,1.0
15,0.4866,0.4166,0.5678,102.0,0.5865,0.4851,0.6455,4.2737,2.0001,1.9998,0.0066,0.8059,0.0242,0.2524,0.4711,0.0115,0.0072,0.3822,0.2378,0.212,1.0,0.75,0.0,0.0,0.0,1.0
16,0.642,0.4403,0.642,96.2,0.5557,0.4758,1.2611,5.9818,1.8979,1.9384,0.0005,0.7031,0.0611,0.2652,0.4734,0.2403,0.0006,0.3439,0.0493,0.0828,1.0,0.5,0.5,0.0,0.0,0.75
17,0.5577,0.4334,0.642,97.3,0.842,0.4598,0.4663,5.6987,1.8589,1.9868,0.0963,0.684,0.0449,0.2587,0.4315,0.3073,0.0023,0.37,0.3246,0.2825,1.0,0.5,0.25,0.0,0.0,0.75
18,0.5402,0.3895,0.642,102.5,0.544,0.4831,1.0913,5.7171,2.948,1.5919,0.0779,0.5251,0.0519,0.2078,0.4666,0.1935,0.0564,0.2723,0.2723,0.0592,1.0,0.5,0.25,0.0,0.0,0.5
19,0.4921,0.4294,0.642,98.6,0.5408,0.4986,0.003,5.9963,3.2453,1.8326,0.0968,0.7384,0.0462,0.2489,0.4428,0.3051,0.0013,0.2238,0.4124,0.1017,1.0,1.0,0.0,0.0,0.0,0.5
20,0.5772,0.4339,0.642,93.9,0.646,0.5,0.097,5.5403,3.6021,1.5722,0.1054,0.6499,0.0718,0.2578,0.4656,0.4637,0.0141,0.2858,0.3249,0.0744,1.0,0.5,0.25,0.0,0.0,0.75
21,0.6758,0.4557,0.6758,90.3,0.8985,0.4991,0.0159,5.9843,2.0219,1.5556,0.1748,0.6204,0.0077,0.1784,0.4471,0.3165,0.0138,0.2498,0.319,0.1847,1.0,0.75,0.5,0.0,0.0,0.75
22,0.6158,0.443,0.6758,92.4,0.8894,0.4966,0.7376,5.3658,2.2308,1.9672,0.1115,0.7482,0.0562,0.2392,0.5918,0.1904,0.0001,0.2035,0.1319,0.106,1.0,0.5,0.5,0.0,0.0,0.75
23,0.5473,0.4559,0.6758,88.7,0.7248,0.497,0.7717,5.0685,2.687,1.6274,0.0011,0.5049,0.1623,0.2031,0.5611,0.2623,0.003,0.2576,0.2405,0.2381,1.0,1.0,0.0,0.0,0.0,0.5
24,0.5457,0.4086,0.6758,88.4,0.76,0.4006,1.024,5.7724,2.3935,1.7731,0.0828,0.7344,0.0728,0.1501,0.5924,0.1677,0.0,0.2853,0.1446,0.265,1.0,0.0,0.5,0.0,0.0,0.75
25,0.507,0.4332,0.6758,86.7,0.544,0.4371,0.9586,5.0752,3.1485,1.7846,0.0106,0.9718,0.0739,0.1672,0.6173,0.0169,0.0981,0.2124,0.0747,0.3248,1.0,0.5,0.0,0.0,0.0,0.75
26,0.4884,0.4177,0.6758,90.2,0.8906,0.4869,1.0385,3.7603,3.338,1.652,0.006,0.7376,0.2724,0.1856,0.6402,0.0649,0.1031,0.2547,0.1757,0.3092,1.0,1.0,0.0,0.0,0.0,0.0
27,0.6634,0.4428,0.6758,88.6,0.5595,0.4999,1.0155,4.1833,3.3464,1.3691,0.0088,0.7412,0.2043,0.1686,0.7468,0.0148,0.0265,0.342,0.1521,0.3853,1.0,0.5,0.5,0.0,0.0,0.5
28,0.5241,0.4089,0.6758,91.1,0.8409,0.4119,2.2923,3.5583,3.9431,1.0249,0.0094,0.9659,0.0905,0.1782,0.5738,0.0074,0.1598,0.2071,0.2026,0.184,1.0,0.75,0.25,0.0,0.0,0.5
29,0.4995,0.4185,0.6758,86.7,0.6717,0.4685,2.6345,3.5174,3.4615,1.6661,0.0012,0.7542,0.2015,0.1993,0.7178,0.2228,0.1208,0.2919,0.1829,0.3889,1.0,0.75,0.0,0.0,0.0,0.25
30,0.605,0.443,0.6758,88.7,0.8994,0.3063,0.6312,3.8644,3.2908,1.3012,0.0053,0.7934,0.3164,0.1531,0.7888,0.0256,0.1046,0.3209,0.0507,0.3499,1.0,0.75,0.25,0.0,0.0,0.75
31,0.5195,0.3924,0.6758,92.1,0.5528,0.4648,2.4795,4.8312,2.599,1.9844,0.0457,0.8012,0.2836,0.1705,0.6546,0.0411,0.0755,0.2017,0.0586,0.2838,1.0,0.25,0.25,0.0,0.0,1.0
32,0.6301,0.4018,0.6758,91.4,0.5529,0.4925,1.3173,4.3322,3.8364,1.9994,0.0421,0.7914,0.4072,0.1593,0.7238,0.1748,0.002,0.2654,0.0148,0.3017,1.0,0.0,0.75,0.0,0.0,0.75
33,0.5364,0.4605,0.6758,90.2,0.82,0.4745,1.5814,5.9798,3.0066,1.988,0.0044,0.8403,0.1558,0.1554,0.7618,0.0007,0.0232,0.2785,0.1728,0.1559,1.0,0.5,0.25,0.0,0.0,0.75
34,0.6179,0.4257,0.6758,90.9,0.7186,0.4359,1.2182,5.913,2.365,1.9726,0.0495,0.6944,0.0007,0.1785,0.7753,0.124,0.0397,0.2356,0.0469,0.1052,1.0,0.75,0.25,0.0,0.0,1.0
35,0.4684,0.381,0.6758,90.1,0.5936,0.4369,0.0954,5.6512,2.3312,1.971,0.0467,0.7705,0.0877,0.153,0.6833,0.0138,0.1083,0.2117,0.0609,0.1187,1.0,0.25,0.25,0.0,0.0,0.25
36,0.6241,0.4578,0.6758,91.0,0.8855,0.4541,0.8016,5.9785,2.6079,1.9983,0.0418,0.6059,0.093,0.1589,0.7942,0.1715,0.2771,0.2516,0.0477,0.0116,1.0,0.5,0.5,0.0,0.0,0.75
37,0.465,0.4077,0.6758,91.1,0.8828,0.496,0.5715,5.5162,2.1692,1.8445,0.0232,0.6298,0.1018,0.1741,0.7482,0.0556,0.1001,0.2032,0.1756,0.0389,1.0,0.0,0.25,0.0,0.0,0.75
38,0.5983,0.4334,0.6758,90.1,0.624,0.4126,0.1935,4.7932,3.9263,1.9792,0.0053,0.7301,0.1988,0.151,0.7819,0.0657,0.0002,0.2856,0.1371,0.1376,1.0,0.5,0.5,0.0,0.0,0.25
39,0.5615,0.3916,0.6758,92.2,0.5972,0.4943,0.1139,5.7404,3.4912,1.9426,0.1061,0.722,0.0036,0.2243,0.7739,0.4361,0.0385,0.2278,0.1925,0.066,1.0,0.75,0.25,0.0,0.0,0.75
40,0.611,0.4285,0.6758,91.4,0.6858,0.4933,0.0001,4.5596,2.4954,1.7958,0.0291,0.7378,0.0884,0.1849,0.7698,0.0434,0.012,0.3506,0.0406,0.1279,1.0,0.5,0.5,0.0,0.0,0.5
41,0.5688,0.4507,0.6758,90.9,0.6742,0.4999,0.3112,5.9838,3.4498,1.911,0.0003,0.5697,0.1208,0.232,0.7991,0.0559,0.0391,0.2434,0.0178,0.243,1.0,0.5,0.25,0.0,0.0,0.75
42,0.5944,0.3995,0.6758,90.5,0.859,0.4783,0.6279,5.886,3.1376,1.6664,0.035,0.8794,0.1574,0.1548,0.7317,0.1549,0.013,0.3256,0.002,0.127,1.0,0.75,0.25,0.0,0.0,0.5
43,0.4767,0.4116,0.6758,88.0,0.7091,0.4775,0.7115,4.8277,1.7018,1.6693,0.0061,0.7556,0.0018,0.1743,0.7821,0.0134,0.013,0.2031,0.0683,0.1397,1.0,0.5,0.0,0.0,0.0,1.0
44,0.5248,0.3865,0.6758,91.6,0.7667,0.4159,0.0729,5.4672,3.3632,1.7312,0.027,0.8137,0.1347,0.1504,0.7041,0.0839,0.0863,0.2361,0.0161,0.1141,1.0,0.5,0.25,0.0,0.0,0.25
45,0.5523,0.4207,0.6758,90.6,0.6523,0.4541,0.0407,5.9879,2.3861,1.8938,0.0352,0.6739,0.1958,0.1698,0.7202,0.025,0.2426,0.21,0.0732,0.0087,1.0,0.25,0.5,0.0,0.0,0.75
46,0.5825,0.4254,0.6758,90.1,0.5743,0.4875,0.5631,5.173,2.5381,1.8902,0.0364,0.7584,0.0025,0.2192,0.7992,0.1452,0.3615,0.21,0.275,0.1973,1.0,0.75,0.25,0.0,0.0,1.0
47,0.5255,0.423,0.6758,93.4,0.431,0.4411,0.1583,5.9439,2.844,1.6496,0.0018,0.7133,0.0024,0.2139,0.7999,0.1063,0.2315,0.2124,0.1495,0.1698,1.0,0.5,0.0,0.0,0.25,0.75
48,0.5755,0.4491,0.6758,92.5,0.5625,0.4375,0.0166,5.3457,2.9626,1.6529,0.1255,0.6737,0.0092,0.2082,0.7808,0.0171,0.2291,0.3088,0.1763,0.2612,1.0,0.5,0.5,0.0,0.0,0.25
49,0.5634,0.4425,0.6758,92.2,0.6608,0.4494,1.0268,5.9501,1.7274,1.9266,0.0786,0.6266,0.0228,0.2562,0.7925,0.1621,0.2313,0.2681,0.2263,0.2493,1.0,0.0,0.5,0.0,0.0,1.0
50,0.5304,0.326,0.6758,92.6,0.8889,0.3807,0.8296,5.6308,1.4969,1.75,0.0004,0.5524,0.0363,0.2515,0.7859,0.2659,0.1081,0.2631,0.1835,0.244,1.0,0.75,0.0,0.0,0.0,0.75
51,0.5895,0.4558,0.6758,91.3,0.4902,0.4706,0.365,5.9495,2.3669,1.9295,0.0286,0.6183,0.0882,0.2751,0.7902,0.1041,0.2222,0.2729,0.1549,0.1098,1.0,0.25,0.5,0.0,0.0,0.5
52,0.5009,0.4227,0.6758,92.1,0.5173,0.4951,0.6056,5.9936,0.9713,1.8781,0.0652,0.6039,0.0223,0.1917,0.7939,0.0125,0.0597,0.2601,0.1549,0.1863,1.0,0.75,0.0,0.0,0.0,0.75
53,0.5404,0.4513,0.6758,90.9,0.4706,0.4741,0.4044,5.9972,0.9456,1.9362,0.0522,0.5114,0.0117,0.3197,0.7777,0.154,0.0809,0.2001,0.2332,0.2371,1.0,0.25,0.25,0.0,0.0,0.5
54,0.6377,0.4354,0.6758,154.8,0.5397,0.3723,0.0506,5.0668,1.837,1.5001,0.1008,0.5597,0.0004,0.2981,0.7979,0.1032,0.0195,0.3106,0.2037,0.2711,1.0,0.25,0.25,0.25,0.0,0.75
55,0.5791,0.4032,0.6758,142.6,0.5083,0.4215,0.5457,5.8825,1.7854,1.8317,0.0343,0.555,0.0248,0.3036,0.7589,0.2605,0.1077,0.2639,0.2392,0.2443,1.0,0.5,0.25,0.0,0.0,0.5
56,0.6573,0.4684,0.6758,143.7,0.4406,0.3828,0.6259,5.9073,1.4198,1.9341,0.0455,0.6526,0.019,0.2882,0.7547,0.0615,0.0627,0.2558,0.2158,0.1974,1.0,0.5,0.5,0.0,0.0,0.75
57,0.699,0.479,0.699,139.8,0.4402,0.4376,0.078,5.8641,1.124,1.9838,0.0371,0.7204,0.0156,0.3076,0.6852,0.1468,0.1215,0.2509,0.2218,0.1794,1.0,1.0,0.5,0.0,0.0,0.25
58,0.5669,0.3984,0.699,158.9,0.3962,0.4921,0.0003,5.701,1.8722,1.9717,0.0608,0.6504,0.0117,0.3048,0.6785,0.0861,0.1788,0.2667,0.1596,0.174,1.0,0.25,0.5,0.0,0.0,0.75
59,0.7492,0.4861,0.7492,170.0,0.3801,0.4786,0.6034,5.9359,1.7192,2.0,0.0195,0.6053,0.0491,0.2689,0.7999,0.2373,0.2854,0.2409,0.239,0.169,1.0,1.0,0.5,0.0,0.0,0.5
60,0.5857,0.4527,0.7492,166.1,0.4807,0.4455,0.6689,4.8111,2.3616,1.8996,0.0059,0.6241,0.0204,0.2663,0.7918,0.3065,0.1097,0.2016,0.1753,0.153,1.0,0.5,0.25,0.0,0.0,0.75
61,0.5701,0.4627,0.7492,170.4,0.4598,0.4855,0.2195,5.1075,2.1863,1.9765,0.0293,0.6174,0.0014,0.3211,0.7709,0.2792,0.2022,0.2071,0.2415,0.16,1.0,0.25,0.25,0.0,0.0,0.75
62,0.6057,0.4617,0.7492,167.2,0.4796,0.44,0.5146,5.9946,2.1085,1.9425,0.0523,0.5707,0.0039,0.2876,0.7874,0.2939,0.1178,0.2008,0.2369,0.2061,1.0,0.25,0.5,0.0,0.0,0.5
63,0.6698,0.4983,0.7492,163.3,0.4406,0.4796,0.3435,5.4787,2.3291,1.9987,0.0048,0.5628,0.0036,0.3016,0.7876,0.3659,0.1472,0.2528,0.2492,0.2075,1.0,0.75,0.5,0.0,0.0,0.25
64,0.7356,0.5636,0.7492,163.0,0.3429,0.4686,0.6145,5.5429,1.5235,1.9949,0.0063,0.5663,0.0383,0.3193,0.7603,0.2674,0.1712,0.2058,0.2865,0.2078,1.0,1.0,0.25,0.25,0.0,0.25
65,0.7988,0.4982,0.7988,160.6,0.3374,0.4901,0.5127,5.7016,1.8539,1.826,0.0071,0.6313,0.0122,0.3013,0.7996,0.1982,0.2478,0.2,0.2521,0.2196,1.0,1.0,0.25,0.5,0.0,0.75
66,0.7949,0.5338,0.7988,144.3,0.3758,0.4968,0.9058,5.9356,2.2561,1.9696,0.019,0.664,0.0031,0.3013,0.7848,0.2775,0.2089,0.2118,0.2576,0.1809,1.0,0.75,0.75,0.0,0.0,0.75
67,0.574,0.4448,0.7988,137.3,0.3241,0.4768,0.6676,5.9547,2.0044,1.9558,0.0176,0.6633,0.0016,0.2862,0.7501,0.2356,0.3108,0.2018,0.232,0.2133,1.0,0.25,0.25,0.25,0.0,0.25
68,0.6619,0.5298,0.7988,129.1,0.3005,0.4942,0.8021,5.998,1.8755,1.9493,0.0422,0.6099,0.0014,0.2979,0.7644,0.1502,0.2273,0.203,0.1969,0.2142,1.0,0.5,0.25,0.0,0.25,1.0
69,0.5952,0.4831,0.7988,129.2,0.2981,0.4982,0.5567,5.9551,1.9155,1.985,0.0037,0.6233,0.0134,0.2977,0.7049,0.2004,0.2614,0.2041,0.2141,0.2074,1.0,0.75,0.25,0.0,0.0,0.75
70,0.5961,0.4639,0.7988,128.5,0.245,0.4996,0.9178,6.0,1.8397,1.9756,0.0003,0.6423,0.0112,0.3014,0.7184,0.3389,0.2844,0.2317,0.2444,0.1595,1.0,0.75,0.25,0.0,0.0,0.75
71,0.5797,0.4611,0.7988,125.9,0.2891,0.4963,0.9493,6.0,1.7127,1.9988,0.0,0.5549,0.0021,0.2906,0.7048,0.2201,0.1686,0.2437,0.2275,0.1432,1.0,0.5,0.25,0.0,0.0,0.5
72,0.6194,0.487,0.7988,126.7,0.3015,0.4997,0.4029,5.9805,1.6747,1.964,0.0082,0.5128,0.0009,0.2974,0.7391,0.2567,0.1535,0.2622,0.2208,0.2077,1.0,0.25,0.5,0.0,0.0,0.75
73,0.676,0.5237,0.7988,128.7,0.157,0.4999,0.6523,5.9866,1.9268,1.9487,0.0206,0.4987,0.0253,0.3181,0.6653,0.2416,0.1838,0.3263,0.1896,0.1868,1.0,0.5,0.5,0.0,0.0,0.75
74,0.7924,0.5182,0.7988,126.5,0.2852,0.4999,0.8364,5.7927,1.7057,1.9992,0.0047,0.5688,0.0113,0.2694,0.7873,0.2636,0.2545,0.247,0.1979,0.1842,1.0,0.5,0.5,0.25,0.25,0.25
75,0.6875,0.5174,0.7988,126.3,0.1897,0.4831,0.7987,5.9926,2.046,1.9981,0.0003,0.5145,0.0,0.3063,0.7466,0.2762,0.269,0.2914,0.2097,0.1474,1.0,1.0,0.25,0.0,0.0,0.75
76,0.7566,0.5333,0.7988,128.3,0.3524,0.4991,0.239,5.9411,2.0107,1.9601,0.0006,0.6038,0.0053,0.2685,0.7811,0.2556,0.1332,0.2411,0.1819,0.1791,1.0,0.25,0.75,0.0,0.0,1.0
77,0.6147,0.5123,0.7988,124.9,0.2984,0.4928,0.2424,5.8253,1.4898,1.9992,0.0019,0.5077,0.0742,0.3152,0.7034,0.17,0.164,0.3055,0.234,0.1148,1.0,0.25,0.5,0.0,0.0,0.75
78,0.6023,0.4792,0.7988,124.5,0.2386,0.4931,0.596,5.9967,1.2991,1.972,0.0137,0.5674,0.0183,0.3064,0.7234,0.2481,0.1597,0.2915,0.2651,0.1936,1.0,0.25,0.25,0.0,0.25,0.5
79,0.5771,0.4776,0.7988,125.0,0.2847,0.4982,0.3028,5.9789,1.5778,1.9774,0.0021,0.5332,0.0537,0.2893,0.7056,0.3515,0.1933,0.2658,0.2214,0.1505,1.0,0.0,0.5,0.0,0.0,0.5
80,0.7655,0.5306,0.7988,123.9,0.2082,0.4971,0.6098,5.9588,1.5109,1.9974,0.0008,0.5029,0.0542,0.3129,0.6779,0.2515,0.208,0.3332,0.2977,0.1596,1.0,0.5,0.5,0.25,0.0,0.75
81,0.7615,0.5603,0.7988,132.8,0.2134,0.5,0.8136,5.8636,1.2067,1.9718,0.0,0.5181,0.02,0.3316,0.666,0.251,0.2828,0.276,0.2967,0.1189,1.0,0.75,0.75,0.0,0.0,0.75
82,0.7074,0.5234,0.7988,149.5,0.1586,0.4818,0.4258,5.9332,1.2186,1.9963,0.0161,0.5001,0.0607,0.3132,0.657,0.2698,0.1752,0.3536,0.267,0.1324,1.0,0.25,0.5,0.25,0.0,0.5
83,0.6137,0.4831,0.7988,151.9,0.201,0.4712,0.197,5.9886,1.2052,1.9579,0.0,0.5047,0.0434,0.3081,0.6798,0.236,0.1949,0.3579,0.2666,0.1525,1.0,0.5,0.25,0.0,0.0,0.5
84,0.6753,0.4785,0.7988,151.3,0.257,0.5,0.3498,5.8588,1.1354,1.9805,0.001,0.5023,0.0157,0.3312,0.6919,0.2345,0.1915,0.2952,0.3233,0.1659,1.0,0.5,0.5,0.25,0.0,0.0
85,0.7454,0.4795,0.7988,150.8,0.2699,0.4997,0.6737,5.8873,1.2072,1.9772,0.0025,0.4907,0.0004,0.3075,0.7248,0.1426,0.1599,0.3216,0.2885,0.1939,1.0,0.25,0.5,0.25,0.25,0.5
86,0.6692,0.5263,0.7988,149.4,0.2581,0.4928,0.5049,5.9901,1.4244,1.9008,0.0063,0.4954,0.051,0.3192,0.7145,0.3169,0.1298,0.3478,0.2847,0.1722,1.0,0.0,0.25,0.5,0.0,0.75
87,0.6071,0.4993,0.7988,146.9,0.4003,0.4858,0.4089,5.9955,1.3542,1.8728,0.001,0.5529,0.0398,0.2787,0.7495,0.2623,0.1454,0.252,0.2835,0.1954,1.0,0.5,0.25,0.0,0.0,0.75
88,0.7097,0.5422,0.7988,147.5,0.3495,0.4945,0.7555,5.9975,1.0481,1.9361,0.002,0.4778,0.0355,0.3093,0.7503,0.2876,0.1173,0.2926,0.2885,0.1516,1.0,0.5,0.5,0.0,0.0,0.5
89,0.6712,0.519,0.7988,149.0,0.4498,0.4975,0.3843,5.7273,1.1853,1.9997,0.0003,0.5287,0.0475,0.2846,0.7307,0.2573,0.157,0.2992,0.2889,0.1677,1.0,0.5,0.25,0.25,0.0,0.5
90,0.6638,0.5356,0.7988,148.7,0.3358,0.4782,0.55,5.9931,1.1626,1.9974,0.0,0.5436,0.0002,0.3155,0.7041,0.2452,0.1677,0.3494,0.2781,0.1632,1.0,0.5,0.5,0.0,0.0,0.5
91,0.6151,0.4796,0.7988,146.5,0.3037,0.44,0.6721,5.8449,0.7624,1.9854,0.0094,0.4964,0.0078,0.324,0.7106,0.2521,0.2222,0.3518,0.3292,0.1921,1.0,0.5,0.25,0.25,0.0,0.25
92,0.6294,0.3472,0.7988,145.5,0.3497,0.4993,0.1775,5.6507,1.0002,1.9987,0.0003,0.5261,0.0063,0.3112,0.7134,0.2903,0.2045,0.3481,0.2841,0.1974,1.0,0.25,0.5,0.0,0.0,0.5
93,0.6595,0.4937,0.7988,146.5,0.4097,0.4978,0.1686,5.9708,1.25,1.9299,0.0117,0.5629,0.0574,0.3082,0.7496,0.2557,0.1741,0.3122,0.2759,0.1905,1.0,0.75,0.25,0.0,0.0,0.5
94,0.5636,0.4869,0.7988,147.1,0.3868,0.4992,0.5209,5.9172,0.9787,1.9162,0.0001,0.5662,0.0205,0.3056,0.7386,0.2372,0.1404,0.2978,0.2766,0.1827,1.0,0.0,0.25,0.0,0.0,0.75
95,0.6445,0.4999,0.7988,150.3,0.3772,0.4986,0.5794,5.8414,1.0857,1.8859,0.0025,0.5339,0.0291,0.3055,0.7227,0.1775,0.1134,0.2995,0.2634,0.1828,1.0,0.75,0.25,0.0,0.0,0.75
96,0.7377,0.5618,0.7988,146.8,0.414,0.4998,0.6492,5.8516,1.1453,1.9143,0.0119,0.5519,0.0597,0.3051,0.6988,0.1996,0.0971,0.3416,0.2579,0.1581,1.0,0.75,0.25,0.25,0.0,0.5
97,0.7244,0.5556,0.7988,146.7,0.3604,0.4994,0.7319,5.9983,1.1608,1.8811,0.0138,0.5473,0.0279,0.2918,0.7185,0.2054,0.1354,0.2818,0.2442,0.1392,1.0,0.5,0.25,0.25,0.0,0.75
98,0.7733,0.5251,0.7988,148.1,0.2796,0.4959,1.0243,5.9205,0.8634,1.871,0.0325,0.5369,0.0326,0.3029,0.6922,0.1961,0.0672,0.3216,0.2573,0.1414,1.0,0.75,0.75,0.0,0.0,0.5
99,0.6896,0.4997,0.7988,146.9,0.3399,0.4947,1.0229,5.9806,0.9301,1.9538,0.0225,0.5369,0.0512,0.3021,0.7066,0.2336,0.1185,0.3415,0.2459,0.1289,1.0,0.5,0.5,0.0,0.0,1.0
100,0.6481,0.4958,0.7988,133.4,0.3084,0.5,1.1226,5.8225,1.0957,1.9318,0.0682,0.5431,0.0672,0.3352,0.6795,0.2254,0.068,0.3645,0.3092,0.1522,1.0,0.5,0.25,0.25,0.0,0.25
101,0.7805,0.5529,0.7988,128.5,0.3226,0.4913,0.752,5.8766,0.9505,1.9965,0.0098,0.5371,0.0548,0.2986,0.634,0.1746,0.1056,0.3727,0.3031,0.145,1.0,0.5,0.5,0.25,0.0,0.5
102,0.7085,0.5146,0.7988,127.4,0.4052,0.4956,1.0235,5.7938,1.0661,2.0,0.0109,0.5237,0.0693,0.3169,0.6394,0.2235,0.0973,0.3866,0.3252,0.1429,1.0,0.5,0.5,0.0,0.0,1.0
103,0.6195,0.5143,0.7988,128.0,0.3427,0.4871,0.7514,5.92,1.1216,1.9892,0.0001,0.5755,0.0548,0.3106,0.6512,0.1888,0.0644,0.3713,0.2563,0.1847,1.0,0.5,0.25,0.0,0.0,1.0
104,0.7075,0.4966,0.7988,128.1,0.33,0.4969,1.2902,5.9376,1.0084,2.0,0.0138,0.5238,0.0919,0.3509,0.6403,0.1673,0.0937,0.4014,0.3364,0.1603,1.0,0.5,0.5,0.25,0.0,0.5
105,0.651,0.446,0.7988,134.7,0.4137,0.4914,0.9146,5.8805,1.0053,1.9516,0.0,0.5999,0.0898,0.3146,0.6431,0.169,0.0818,0.3641,0.3381,0.1728,1.0,0.5,0.25,0.25,0.0,0.75
106,0.6494,0.5043,0.7988,126.2,0.3709,0.4992,1.0778,5.6341,1.0538,1.9995,0.0,0.5647,0.0544,0.3265,0.6547,0.2319,0.0574,0.3492,0.3294,0.1781,1.0,1.0,0.0,0.0,0.25,0.75
107,0.5766,0.4604,0.7988,127.7,0.3892,0.478,1.0746,5.5962,1.1833,1.9913,0.0049,0.57,0.0778,0.3148,0.6532,0.258,0.0279,0.34,0.3145,0.202,1.0,0.5,0.25,0.0,0.0,0.5
108,0.5682,0.462,0.7988,129.5,0.4401,0.4668,1.2878,5.1972,1.2869,1.914,0.0175,0.5902,0.0561,0.3373,0.6297,0.1495,0.049,0.3201,0.3569,0.2046,1.0,0.5,0.25,0.0,0.0,1.0
109,0.5882,0.4645,0.7988,129.9,0.4206,0.4838,1.1831,5.3394,1.3731,1.9357,0.0228,0.5584,0.1043,0.3469,0.5929,0.1728,0.054,0.3832,0.3282,0.1649,1.0,0.5,0.5,0.0,0.0,0.25
110,0.6674,0.4933,0.7988,127.2,0.3747,0.4749,1.4216,5.1092,1.3647,1.8626,0.0655,0.5936,0.0614,0.3396,0.6164,0.1842,0.0407,0.3561,0.3451,0.1983,1.0,0.5,0.25,0.25,0.0,0.5
111,0.6856,0.5174,0.7988,127.0,0.4028,0.4641,1.1043,5.0878,1.493,1.9515,0.0389,0.5538,0.0437,0.3506,0.6322,0.1402,0.036,0.389,0.3272,0.2246,1.0,0.75,0.5,0.0,0.0,0.0
112,0.6815,0.5346,0.7988,128.3,0.4068,0.4405,1.1357,5.2004,1.4382,1.8626,0.0303,0.594,0.052,0.3211,0.6312,0.0476,0.0518,0.3802,0.289,0.2266,1.0,0.75,0.5,0.0,0.0,0.5
113,0.5608,0.4528,0.7988,129.9,0.4897,0.4624,1.2062,5.3392,1.5947,1.9457,0.0443,0.5907,0.0624,0.3151,0.6175,0.1198,0.0929,0.3948,0.3203,0.2114,1.0,0.5,0.25,0.0,0.0,0.75
114,0.6461,0.4795,0.7988,129.1,0.4076,0.4734,1.0638,5.342,1.5071,1.9018,0.0736,0.5497,0.0,0.3256,0.6529,0.0655,0.0525,0.3968,0.305,0.2006,1.0,0.5,0.25,0.25,0.0,0.5
115,0.5714,0.495,0.7988,129.6,0.4644,0.4349,1.4225,5.2285,1.6284,1.8957,0.0264,0.5696,0.0522,0.3127,0.6863,0.1051,0.0282,0.352,0.3301,0.2022,1.0,0.75,0.0,0.0,0.0,0.75
116,0.689,0.5081,0.7988,127.1,0.4521,0.4392,0.8708,5.1093,1.7833,1.8723,0.0222,0.5774,0.0005,0.3043,0.6513,0.0138,0.0739,0.3245,0.2707,0.2166,1.0,0.5,0.5,0.0,0.0,0.75
117,0.6293,0.5244,0.7988,129.6,0.4194,0.4337,1.2774,5.1541,1.5609,1.8754,0.0488,0.5787,0.002,0.3092,0.6502,0.056,0.0405,0.3569,0.2813,0.1879,1.0,0.25,0.5,0.0,0.0,0.5
118,0.7004,0.4893,0.7988,131.7,0.4541,0.4291,1.0414,5.146,1.5198,1.7922,0.0399,0.5509,0.0102,0.3077,0.6792,0.0605,0.0625,0.3059,0.2661,0.2427,1.0,0.75,0.5,0.0,0.0,0.5
119,0.6648,0.5131,0.7988,130.9,0.4247,0.4446,1.187,5.0255,1.6849,1.9263,0.0682,0.5231,0.0023,0.3216,0.6669,0.0455,0.0576,0.3425,0.3191,0.2496,1.0,0.25,0.5,0.25,0.0,0.0
120,0.5708,0.4524,0.7988,131.5,0.5497,0.4075,0.9584,4.8154,1.7118,1.8335,0.0593,0.5547,0.0011,0.314,0.6684,0.0451,0.0474,0.3182,0.2505,0.23,1.0,0.5,0.25,0.0,0.0,0.5
121,0.6104,0.4792,0.7988,129.6,0.4796,0.4112,0.9062,4.8917,1.4945,1.7885,0.024,0.5887,0.0007,0.3078,0.6629,0.0226,0.0211,0.3027,0.2737,0.209,1.0,0.5,0.25,0.0,0.0,0.75
122,0.5366,0.4771,0.7988,131.5,0.4875,0.4311,1.2011,5.2182,1.4553,1.7985,0.0312,0.5126,0.0012,0.3052,0.6953,0.085,0.0082,0.329,0.2689,0.2178,1.0,0.5,0.25,0.0,0.0,0.25
123,0.5734,0.5022,0.7988,130.0,0.5107,0.4351,1.4444,4.6184,1.4276,1.8208,0.0707,0.5458,0.0011,0.3047,0.6966,0.0116,0.0003,0.3267,0.2656,0.2003,1.0,0.0,0.25,0.25,0.0,0.75
124,0.6129,0.4749,0.7988,129.8,0.4858,0.4566,1.3046,4.606,1.3244,1.7915,0.05,0.5431,0.0005,0.3286,0.6433,0.0231,0.0072,0.3727,0.2927,0.2051,1.0,0.75,0.0,0.25,0.0,0.5
125,0.6351,0.5527,0.7988,126.7,0.4607,0.4383,1.6184,4.1796,1.4323,1.957,0.0349,0.5468,0.0,0.3304,0.6862,0.0251,0.0067,0.3415,0.3214,0.1769,1.0,0.25,0.25,0.25,0.0,0.75
126,0.6182,0.4955,0.7988,128.9,0.4861,0.4581,1.4376,5.1503,1.0212,1.9453,0.0302,0.5863,0.0003,0.3276,0.7236,0.0926,0.0137,0.3631,0.3079,0.2187,1.0,0.75,0.25,0.0,0.0,0.75
127,0.6378,0.4934,0.7988,128.4,0.4789,0.4361,1.6595,5.0331,0.9945,1.9879,0.0338,0.5677,0.0218,0.3105,0.6839,0.0228,0.0481,0.3306,0.3108,0.1783,1.0,0.25,0.5,0.0,0.0,0.5
128,0.6316,0.4494,0.7988,134.4,0.4965,0.4583,1.5808,5.1132,1.099,1.9421,0.0116,0.5464,0.0319,0.3076,0.6291,0.0187,0.047,0.3532,0.2401,0.1575,1.0,0.25,0.5,0.0,0.0,1.0
129,0.6127,0.5005,0.7988,144.9,0.4944,0.4911,1.5324,5.1865,1.3494,1.9659,0.093,0.5822,0.0067,0.3134,0.6942,0.1268,0.0582,0.3771,0.2908,0.177,1.0,0.25,0.5,0.0,0.0,0.75
130,0.5557,0.4462,0.7988,143.5,0.5165,0.4821,1.5043,4.9686,0.7368,1.9816,0.0497,0.576,0.0041,0.2813,0.6964,0.0418,0.0525,0.3463,0.2384,0.1542,1.0,0.25,0.0,0.25,0.0,0.5
131,0.5696,0.4864,0.7988,140.1,0.547,0.4276,1.8146,4.5526,1.0581,1.9841,0.0616,0.5643,0.0701,0.3046,0.6528,0.0031,0.013,0.3632,0.3081,0.2465,1.0,1.0,0.0,0.0,0.0,0.25
132,0.7258,0.4987,0.7988,144.3,0.5311,0.4831,1.6988,4.862,1.3934,1.9991,0.053,0.5653,0.0475,0.3115,0.6228,0.0649,0.0657,0.3506,0.2913,0.1725,1.0,1.0,0.5,0.0,0.0,0.75
133,0.623,0.4988,0.7988,140.4,0.5901,0.4602,1.5743,5.2923,1.0828,1.9987,0.0435,0.6086,0.0552,0.2704,0.6259,0.0,0.0381,0.3582,0.2255,0.1914,1.0,0.75,0.25,0.0,0.0,0.75
134,0.6481,0.5165,0.7988,146.0,0.5229,0.4921,1.6332,5.4416,1.0201,1.9982,0.0612,0.5602,0.0136,0.2989,0.5935,0.0007,0.0717,0.432,0.2392,0.1275,1.0,0.25,0.5,0.0,0.0,0.75
135,0.6055,0.4743,0.7988,141.8,0.6279,0.4022,1.6694,4.3095,1.4836,1.7987,0.0776,0.581,0.0244,0.3062,0.5805,0.0767,0.0102,0.3387,0.2431,0.2402,1.0,0.75,0.25,0.0,0.0,0.5
136,0.6794,0.5189,0.7988,144.7,0.5176,0.4638,1.3779,4.9511,1.3321,1.9251,0.103,0.5407,0.0027,0.3062,0.6418,0.0148,0.0033,0.3892,0.2558,0.1933,1.0,0.75,0.5,0.0,0.0,0.5
137,0.615,0.4733,0.7988,144.0,0.5712,0.4178,1.6411,4.9225,1.6582,1.9198,0.0944,0.59,0.0029,0.3074,0.6152,0.0477,0.0002,0.3381,0.2827,0.1952,1.0,0.75,0.0,0.25,0.0,0.75
138,0.5236,0.4348,0.7988,142.3,0.5313,0.4297,1.269,4.8874,1.3007,1.9458,0.0749,0.6041,0.0002,0.3276,0.596,0.0059,0.0169,0.3626,0.289,0.1812,1.0,0.75,0.0,0.0,0.0,0.5
139,0.5751,0.4961,0.7988,141.3,0.4159,0.469,1.637,4.6311,1.3632,1.8754,0.0993,0.5672,0.0063,0.3399,0.6287,0.0388,0.0062,0.3668,0.3264,0.1888,1.0,0.75,0.25,0.0,0.0,0.5
140,0.6408,0.425,0.7988,144.0,0.3896,0.4253,1.1731,4.6375,1.5821,1.6658,0.0663,0.5735,0.0224,0.3382,0.6316,0.008,0.0228,0.3591,0.3034,0.2197,1.0,0.0,0.25,0.25,0.0,1.0
141,0.614,0.4677,0.7988,148.3,0.4711,0.4299,1.423,5.2111,1.4791,1.7735,0.0752,0.5953,0.0014,0.3158,0.6607,0.0028,0.0181,0.3299,0.2509,0.2129,1.0,0.25,0.5,0.0,0.0,0.75
142,0.5721,0.45,0.7988,149.4,0.4945,0.4116,1.5818,4.5169,1.2873,1.7349,0.0845,0.5782,0.0108,0.3011,0.6466,0.0243,0.0521,0.3235,0.2765,0.2087,1.0,0.0,0.5,0.0,0.0,0.75
143,0.6362,0.4942,0.7988,145.2,0.4493,0.4377,1.1269,5.2185,1.4338,1.6525,0.0804,0.593,0.0042,0.318,0.6144,0.0052,0.0158,0.3505,0.2154,0.1918,1.0,0.25,0.5,0.0,0.0,1.0
144,0.627,0.4938,0.7988,143.4,0.3712,0.4515,1.1722,5.1983,1.6081,1.7156,0.1079,0.5492,0.0136,0.3283,0.6129,0.0019,0.0,0.3751,0.2721,0.2124,1.0,0.5,0.5,0.0,0.0,0.0
145,0.646,0.5054,0.7988,144.6,0.4077,0.4072,0.4851,4.463,1.2307,1.7616,0.0662,0.5788,0.0132,0.3281,0.6661,0.0067,0.0181,0.3161,0.2851,0.2173,1.0,0.75,0.25,0.0,0.0,0.75
146,0.5703,0.4686,0.7988,145.0,0.4942,0.3964,0.8577,4.5624,1.6515,1.8604,0.0668,0.563,0.0969,0.3136,0.6422,0.0036,0.0003,0.3493,0.3055,0.3057,1.0,0.5,0.25,0.0,0.0,0.5
147,0.6936,0.4789,0.7988,142.7,0.4256,0.3965,0.8256,4.6133,1.5338,1.6126,0.0549,0.5946,0.0263,0.3038,0.6519,0.0008,0.0359,0.3002,0.2459,0.2587,1.0,0.5,0.25,0.25,0.0,1.0
148,0.5983,0.4926,0.7988,143.7,0.5746,0.3995,0.8821,4.5032,1.4217,1.6366,0.0832,0.5717,0.0432,0.2894,0.6418,0.0415,0.0165,0.2913,0.2348,0.2214,1.0,0.5,0.25,0.0,0.0,0.5
149,0.6283,0.4771,0.7988,144.8,0.4975,0.401,1.0306,5.1144,1.6235,1.7651,0.0869,0.5898,0.0698,0.296,0.649,0.0321,0.0226,0.3034,0.1773,0.2082,1.0,0.25,0.25,0.25,0.0,0.5
