gen,fitness_logged,fitness_reevaluated,A warm-up pass,C1 step 5cm pass,C2 step 10cm pass,D1 up 10/30 pass,H1 stairs 15deg pass,F1 cross 5deg pass
65,0.7988,0.667,1.0,0.75,0.0,0.0,0.0,0.5
66,0.7949,0.7709,1.0,0.5,0.375,0.0,0.0,0.75
74,0.7924,0.6857,1.0,0.25,0.25,0.0,0.125,0.625
101,0.7805,0.6482,1.0,0.5,0.125,0.0,0.0,0.375
98,0.7733,0.746,1.0,0.375,0.125,0.125,0.0,0.875
80,0.7655,0.6693,1.0,0.375,0.0,0.0,0.0,0.75
81,0.7615,0.6194,1.0,0.5,0.0,0.0,0.0,0.5
76,0.7566,0.6072,1.0,0.25,0.25,0.0,0.0,0.375
147,0.6936,0.7949,1.0,0.5,0.25,0.0,0.0,1.0
148,0.5983,0.7077,1.0,0.5,0.125,0.125,0.0,0.625
149,0.6283,0.5815,1.0,0.375,0.0,0.0,0.0,0.375
