case,rise_cm,tread_cm,usable_width_cm,initial_lateral_offset_cm,outcome,sim_time_s,max_x_m,max_z_m,goal_x_m,top_height_m,final_xyz_m,scene,scene_sha256,checkpoint_sha256,video,trajectory
r15_t31_w160_ym10,15,31,160,-10,goal,39.22000000000161,8.008885148802756,2.327114201106953,8.004999999999999,1.5,"[8.008885148802756, 0.05980363800194247, 2.3034201356967783]",scenes/r15_t31_w160.xml,9ac67a72217ec41a990a7c3e3b85e3b1ad0cd85172b2c0f6e7d84cd421f67ff1,5042017a558b98ab24a3784d1f960383ee42015d79b67b24b74f6b6a117759c1,,r15_t31_w160_ym10.csv.gz
r15_t31_w160_y0,15,31,160,0,goal,31.859999999997946,8.007544558525343,2.328529921130206,8.004999999999999,1.5,"[8.007544558525343, 0.062361018163879546, 2.2837426725789705]",scenes/r15_t31_w160.xml,9ac67a72217ec41a990a7c3e3b85e3b1ad0cd85172b2c0f6e7d84cd421f67ff1,5042017a558b98ab24a3784d1f960383ee42015d79b67b24b74f6b6a117759c1,success_rise15cm_tread31cm_width160cm_offset+0cm_sim-truth-centering.mp4,r15_t31_w160_y0.csv.gz
r15_t31_w160_yp10,15,31,160,10,goal,32.39999999999812,8.010975970820887,2.3219676013340416,8.004999999999999,1.5,"[8.010975970820887, 0.04965009467721995, 2.282699824223035]",scenes/r15_t31_w160.xml,9ac67a72217ec41a990a7c3e3b85e3b1ad0cd85172b2c0f6e7d84cd421f67ff1,5042017a558b98ab24a3784d1f960383ee42015d79b67b24b74f6b6a117759c1,,r15_t31_w160_yp10.csv.gz
r08_t31_w160_ym10,8,31,160,-10,goal,32.33999999999809,8.005217786867433,1.6222726049598881,8.004999999999999,0.8,"[8.005217786867433, 0.04300129834108668, 1.5891782465824464]",scenes/r08_t31_w160.xml,0359b100eb723e0d18972cd863475d2fe2dd12a19bf9b91777c77a7cb53fac17,5042017a558b98ab24a3784d1f960383ee42015d79b67b24b74f6b6a117759c1,,r08_t31_w160_ym10.csv.gz
r08_t31_w160_y0,8,31,160,0,goal,32.83999999999835,8.005680783787431,1.6222562606142077,8.004999999999999,0.8,"[8.005680783787431, 0.1140500330733997, 1.5894927957367004]",scenes/r08_t31_w160.xml,0359b100eb723e0d18972cd863475d2fe2dd12a19bf9b91777c77a7cb53fac17,5042017a558b98ab24a3784d1f960383ee42015d79b67b24b74f6b6a117759c1,,r08_t31_w160_y0.csv.gz
r08_t31_w160_yp10,8,31,160,10,goal,33.29999999999858,8.010202072108392,1.6241502231831422,8.004999999999999,0.8,"[8.010202072108392, 0.07546481180520954, 1.5835392316727597]",scenes/r08_t31_w160.xml,0359b100eb723e0d18972cd863475d2fe2dd12a19bf9b91777c77a7cb53fac17,5042017a558b98ab24a3784d1f960383ee42015d79b67b24b74f6b6a117759c1,,r08_t31_w160_yp10.csv.gz
r10_t31_w160_ym10,10,31,160,-10,goal,31.099999999998097,8.00516680439144,1.8280902157158363,8.004999999999999,1.0,"[8.00516680439144, 0.1271592476819201, 1.785974184881312]",scenes/r10_t31_w160.xml,8cb82b34f786d5441528f02b01d72abcef94f05cc18c88e6f479e59284107673,5042017a558b98ab24a3784d1f960383ee42015d79b67b24b74f6b6a117759c1,,r10_t31_w160_ym10.csv.gz
r10_t31_w160_y0,10,31,160,0,goal,30.63999999999819,8.007503411902574,1.825007388119259,8.004999999999999,1.0,"[8.007503411902574, 0.06394543932318143, 1.8223091845509196]",scenes/r10_t31_w160.xml,8cb82b34f786d5441528f02b01d72abcef94f05cc18c88e6f479e59284107673,5042017a558b98ab24a3784d1f960383ee42015d79b67b24b74f6b6a117759c1,,r10_t31_w160_y0.csv.gz
r10_t31_w160_yp10,10,31,160,10,goal,34.07999999999898,8.007136145084347,1.8233041113576667,8.004999999999999,1.0,"[8.007136145084347, 0.08999667480494665, 1.7802818087282473]",scenes/r10_t31_w160.xml,8cb82b34f786d5441528f02b01d72abcef94f05cc18c88e6f479e59284107673,5042017a558b98ab24a3784d1f960383ee42015d79b67b24b74f6b6a117759c1,,r10_t31_w160_yp10.csv.gz
r12_t31_w160_ym10,12,31,160,-10,goal,33.379999999998624,8.009430544924367,2.0264313287338735,8.004999999999999,1.2,"[8.009430544924367, 0.08317506370164249, 1.9831709512521105]",scenes/r12_t31_w160.xml,74e45d7cbd3d517a5c7e9a2fb8b95b4ed75380b8e7c89aa5b765d80b0c418173,5042017a558b98ab24a3784d1f960383ee42015d79b67b24b74f6b6a117759c1,,r12_t31_w160_ym10.csv.gz
r12_t31_w160_y0,12,31,160,0,goal,36.140000000000036,8.01025882833043,2.025024132099556,8.004999999999999,1.2,"[8.01025882833043, 0.0673856438350705, 1.9770597907168692]",scenes/r12_t31_w160.xml,74e45d7cbd3d517a5c7e9a2fb8b95b4ed75380b8e7c89aa5b765d80b0c418173,5042017a558b98ab24a3784d1f960383ee42015d79b67b24b74f6b6a117759c1,,r12_t31_w160_y0.csv.gz
r12_t31_w160_yp10,12,31,160,10,time_limit,60.00000000001224,2.363050453883323,1.2705566835602833,8.004999999999999,1.2,"[2.3516451996595142, -0.06432635268740743, 1.2597627497177188]",scenes/r12_t31_w160.xml,74e45d7cbd3d517a5c7e9a2fb8b95b4ed75380b8e7c89aa5b765d80b0c418173,5042017a558b98ab24a3784d1f960383ee42015d79b67b24b74f6b6a117759c1,,r12_t31_w160_yp10.csv.gz
r18_t31_w160_ym10,18,31,160,-10,goal,37.820000000000896,8.007606325509064,2.628602753556326,8.004999999999999,1.7999999999999998,"[8.007606325509064, 0.09645970103287367, 2.5851961933166367]",scenes/r18_t31_w160.xml,77e589109fb06279d04d828e30c034ac7badb0c80940dcb3517695ecada7e07c,5042017a558b98ab24a3784d1f960383ee42015d79b67b24b74f6b6a117759c1,,r18_t31_w160_ym10.csv.gz
r18_t31_w160_y0,18,31,160,0,goal,37.18000000000057,8.005846993157297,2.6222676259302156,8.004999999999999,1.7999999999999998,"[8.005846993157297, 0.09203186674581448, 2.5851743636492235]",scenes/r18_t31_w160.xml,77e589109fb06279d04d828e30c034ac7badb0c80940dcb3517695ecada7e07c,5042017a558b98ab24a3784d1f960383ee42015d79b67b24b74f6b6a117759c1,success_rise18cm_tread31cm_width160cm_offset+0cm_sim-truth-centering.mp4,r18_t31_w160_y0.csv.gz
r18_t31_w160_yp10,18,31,160,10,stair_exit,14.660000000000892,2.5652255455278117,1.7470629283555017,8.004999999999999,1.7999999999999998,"[1.9955832674614766, 1.0046868942395923, 1.2253625651194202]",scenes/r18_t31_w160.xml,77e589109fb06279d04d828e30c034ac7badb0c80940dcb3517695ecada7e07c,5042017a558b98ab24a3784d1f960383ee42015d79b67b24b74f6b6a117759c1,stair-exit_rise18cm_tread31cm_width160cm_offset+10cm_sim-truth-centering.mp4,r18_t31_w160_yp10.csv.gz
r20_t31_w160_ym10,20,31,160,-10,time_limit,60.00000000001224,1.441804206488801,0.9928218247926248,8.004999999999999,2.0,"[1.4231909699501548, -0.025737824006430026, 0.9797260054288741]",scenes/r20_t31_w160.xml,0b1f625622c93e2d55a0262f520d908b59efeab098c9b18b159a87346a204086,5042017a558b98ab24a3784d1f960383ee42015d79b67b24b74f6b6a117759c1,,r20_t31_w160_ym10.csv.gz
r20_t31_w160_y0,20,31,160,0,time_limit,60.00000000001224,1.4412797773807768,0.9927376395268784,8.004999999999999,2.0,"[1.4229630465807868, -0.023315118470443482, 0.9797542903827129]",scenes/r20_t31_w160.xml,0b1f625622c93e2d55a0262f520d908b59efeab098c9b18b159a87346a204086,5042017a558b98ab24a3784d1f960383ee42015d79b67b24b74f6b6a117759c1,time-limit_rise20cm_tread31cm_width160cm_offset+0cm_sim-truth-centering.mp4,r20_t31_w160_y0.csv.gz
r20_t31_w160_yp10,20,31,160,10,time_limit,60.00000000001224,7.025886780966188,2.819307827815405,8.004999999999999,2.0,"[7.025886780966188, 0.06757110002974503, 2.7824993916895777]",scenes/r20_t31_w160.xml,0b1f625622c93e2d55a0262f520d908b59efeab098c9b18b159a87346a204086,5042017a558b98ab24a3784d1f960383ee42015d79b67b24b74f6b6a117759c1,,r20_t31_w160_yp10.csv.gz
r15_t20_w160_ym10,15,20,160,-10,time_limit,60.00000000001224,2.083507000116311,1.5951336983854134,6.6850000000000005,1.5,"[1.1402508865487762, 0.022069039541799496, 0.7919055547708693]",scenes/r15_t20_w160.xml,b91303253dafe3f3ef74c988557af154cab0dce29b42c4ed077acf9b393d006b,5042017a558b98ab24a3784d1f960383ee42015d79b67b24b74f6b6a117759c1,time-limit_rise15cm_tread20cm_width160cm_offset-10cm_sim-truth-centering.mp4,r15_t20_w160_ym10.csv.gz
r15_t20_w160_y0,15,20,160,0,goal,58.20000000001132,6.686365916742636,2.3247602120501147,6.6850000000000005,1.5,"[6.686365916742636, 0.05074184950723208, 2.281041445109999]",scenes/r15_t20_w160.xml,b91303253dafe3f3ef74c988557af154cab0dce29b42c4ed077acf9b393d006b,5042017a558b98ab24a3784d1f960383ee42015d79b67b24b74f6b6a117759c1,,r15_t20_w160_y0.csv.gz
r15_t20_w160_yp10,15,20,160,10,time_limit,60.00000000001224,1.7260990125369826,1.2406434488318778,6.6850000000000005,1.5,"[1.709494850807481, -0.11673219060118992, 1.229860549531234]",scenes/r15_t20_w160.xml,b91303253dafe3f3ef74c988557af154cab0dce29b42c4ed077acf9b393d006b,5042017a558b98ab24a3784d1f960383ee42015d79b67b24b74f6b6a117759c1,,r15_t20_w160_yp10.csv.gz
r15_t25_w160_ym10,15,25,160,-10,fall,25.439999999999223,2.5444683706597617,1.7341005194606043,7.285,1.5,"[0.37719597941032773, 0.03192106654573557, 0.301662691290293]",scenes/r15_t25_w160.xml,f7059f7ad49f83d018a124f5369f8fe9f463de57f6d8ffc34606f8c13ce277e5,5042017a558b98ab24a3784d1f960383ee42015d79b67b24b74f6b6a117759c1,fall_rise15cm_tread25cm_width160cm_offset-10cm_sim-truth-centering.mp4,r15_t25_w160_ym10.csv.gz
r15_t25_w160_y0,15,25,160,0,stair_exit,28.499999999998614,3.2958041492449484,2.1888396863799198,7.285,1.5,"[1.552634420144205, -1.0192492900453576, 1.1105382770639916]",scenes/r15_t25_w160.xml,f7059f7ad49f83d018a124f5369f8fe9f463de57f6d8ffc34606f8c13ce277e5,5042017a558b98ab24a3784d1f960383ee42015d79b67b24b74f6b6a117759c1,,r15_t25_w160_y0.csv.gz
r15_t25_w160_yp10,15,25,160,10,time_limit,60.00000000001224,1.513433970909593,1.108970709045655,7.285,1.5,"[1.3618280025425287, 0.07517558764390629, 0.9298390214551289]",scenes/r15_t25_w160.xml,f7059f7ad49f83d018a124f5369f8fe9f463de57f6d8ffc34606f8c13ce277e5,5042017a558b98ab24a3784d1f960383ee42015d79b67b24b74f6b6a117759c1,,r15_t25_w160_yp10.csv.gz
r15_t35_w160_ym10,15,35,160,-10,goal,36.36000000000015,8.48693531970318,2.324748062004306,8.485,1.5,"[8.48693531970318, 0.11243609813425287, 2.285313255853293]",scenes/r15_t35_w160.xml,1f7ba352990fddc80f4235f4b0571449e68a68b424007dfd97be50d430919a43,5042017a558b98ab24a3784d1f960383ee42015d79b67b24b74f6b6a117759c1,,r15_t35_w160_ym10.csv.gz
r15_t35_w160_y0,15,35,160,0,goal,35.83999999999988,8.485448017442096,2.322656944609691,8.485,1.5,"[8.485448017442096, 0.06400714711826366, 2.2866680512734257]",scenes/r15_t35_w160.xml,1f7ba352990fddc80f4235f4b0571449e68a68b424007dfd97be50d430919a43,5042017a558b98ab24a3784d1f960383ee42015d79b67b24b74f6b6a117759c1,,r15_t35_w160_y0.csv.gz
r15_t35_w160_yp10,15,35,160,10,goal,50.640000000007454,8.485778175378911,2.3265344101538186,8.485,1.5,"[8.485778175378911, 0.09527054631520081, 2.2882011707787364]",scenes/r15_t35_w160.xml,1f7ba352990fddc80f4235f4b0571449e68a68b424007dfd97be50d430919a43,5042017a558b98ab24a3784d1f960383ee42015d79b67b24b74f6b6a117759c1,,r15_t35_w160_yp10.csv.gz
r15_t40_w160_ym10,15,40,160,-10,goal,43.56000000000383,9.085624771493798,2.322097780086524,9.085,1.5,"[9.085624771493798, 0.10208871245538666, 2.2857316591847123]",scenes/r15_t40_w160.xml,57335bfa3e01401be92e327f888b6e4106d0aef3d5d67b9a9038f6b73515b273,5042017a558b98ab24a3784d1f960383ee42015d79b67b24b74f6b6a117759c1,,r15_t40_w160_ym10.csv.gz
r15_t40_w160_y0,15,40,160,0,goal,55.40000000000989,9.08888488563283,2.3241980670226985,9.085,1.5,"[9.08888488563283, 0.0744381399414568, 2.2847744279613313]",scenes/r15_t40_w160.xml,57335bfa3e01401be92e327f888b6e4106d0aef3d5d67b9a9038f6b73515b273,5042017a558b98ab24a3784d1f960383ee42015d79b67b24b74f6b6a117759c1,success_rise15cm_tread40cm_width160cm_offset+0cm_sim-truth-centering.mp4,r15_t40_w160_y0.csv.gz
r15_t40_w160_yp10,15,40,160,10,time_limit,60.00000000001224,7.375591125037426,2.3278059659083614,9.085,1.5,"[7.375591125037426, 0.0425487267225801, 2.2951433849950456]",scenes/r15_t40_w160.xml,57335bfa3e01401be92e327f888b6e4106d0aef3d5d67b9a9038f6b73515b273,5042017a558b98ab24a3784d1f960383ee42015d79b67b24b74f6b6a117759c1,,r15_t40_w160_yp10.csv.gz
r15_t31_w070_ym10,15,31,70,-10,goal,38.8000000000014,8.00685423835674,2.3282496521401272,8.004999999999999,1.5,"[8.00685423835674, 0.10060701365467221, 2.283239573099749]",scenes/r15_t31_w070.xml,036e3e63f2560e23794546c655b374c41cd3cb280b300d5939549fa2b823850f,5042017a558b98ab24a3784d1f960383ee42015d79b67b24b74f6b6a117759c1,,r15_t31_w070_ym10.csv.gz
r15_t31_w070_y0,15,31,70,0,goal,47.180000000005684,8.009525416348259,2.3246318716448346,8.004999999999999,1.5,"[8.009525416348259, 0.09509153035763573, 2.2833587024961197]",scenes/r15_t31_w070.xml,036e3e63f2560e23794546c655b374c41cd3cb280b300d5939549fa2b823850f,5042017a558b98ab24a3784d1f960383ee42015d79b67b24b74f6b6a117759c1,success_rise15cm_tread31cm_width70cm_offset+0cm_sim-truth-centering.mp4,r15_t31_w070_y0.csv.gz
r15_t31_w070_yp10,15,31,70,10,goal,31.0799999999981,8.008293835297692,2.338807414714651,8.004999999999999,1.5,"[8.008293835297692, 0.029999406610154954, 2.2873343861065507]",scenes/r15_t31_w070.xml,036e3e63f2560e23794546c655b374c41cd3cb280b300d5939549fa2b823850f,5042017a558b98ab24a3784d1f960383ee42015d79b67b24b74f6b6a117759c1,,r15_t31_w070_yp10.csv.gz
r15_t31_w090_ym10,15,31,90,-10,goal,36.980000000000466,8.005392147870072,2.325794652623731,8.004999999999999,1.5,"[8.005392147870072, 0.09903350397997675, 2.2887394323940002]",scenes/r15_t31_w090.xml,d166464b84d8ad144c170587bc6b33857a9c39fc65e47d9118dc56090a272031,5042017a558b98ab24a3784d1f960383ee42015d79b67b24b74f6b6a117759c1,,r15_t31_w090_ym10.csv.gz
r15_t31_w090_y0,15,31,90,0,goal,33.379999999998624,8.008005708432911,2.32809309499754,8.004999999999999,1.5,"[8.008005708432911, 0.07042348659958307, 2.2804353657104146]",scenes/r15_t31_w090.xml,d166464b84d8ad144c170587bc6b33857a9c39fc65e47d9118dc56090a272031,5042017a558b98ab24a3784d1f960383ee42015d79b67b24b74f6b6a117759c1,,r15_t31_w090_y0.csv.gz
r15_t31_w090_yp10,15,31,90,10,goal,31.799999999997958,8.006219686403911,2.32425698827074,8.004999999999999,1.5,"[8.006219686403911, 0.06678783608304621, 2.2857484915999726]",scenes/r15_t31_w090.xml,d166464b84d8ad144c170587bc6b33857a9c39fc65e47d9118dc56090a272031,5042017a558b98ab24a3784d1f960383ee42015d79b67b24b74f6b6a117759c1,,r15_t31_w090_yp10.csv.gz
r15_t31_w110_ym10,15,31,110,-10,goal,41.220000000002635,8.008531433441265,2.3295062212523505,8.004999999999999,1.5,"[8.008531433441265, 0.1378473082609356, 2.2806897592650412]",scenes/r15_t31_w110.xml,2f36a70be4a890c3f3bcbbbdabc8b2863f403e4b17f4b1b9adeb94ea779764b0,5042017a558b98ab24a3784d1f960383ee42015d79b67b24b74f6b6a117759c1,,r15_t31_w110_ym10.csv.gz
r15_t31_w110_y0,15,31,110,0,goal,33.379999999998624,8.008305910969957,2.3281246354534177,8.004999999999999,1.5,"[8.008305910969957, 0.07042618133212854, 2.280434488922163]",scenes/r15_t31_w110.xml,2f36a70be4a890c3f3bcbbbdabc8b2863f403e4b17f4b1b9adeb94ea779764b0,5042017a558b98ab24a3784d1f960383ee42015d79b67b24b74f6b6a117759c1,,r15_t31_w110_y0.csv.gz
r15_t31_w110_yp10,15,31,110,10,goal,31.759999999997966,8.009135381358885,2.321220679357275,8.004999999999999,1.5,"[8.009135381358885, 0.0949799646960213, 2.2829965889873165]",scenes/r15_t31_w110.xml,2f36a70be4a890c3f3bcbbbdabc8b2863f403e4b17f4b1b9adeb94ea779764b0,5042017a558b98ab24a3784d1f960383ee42015d79b67b24b74f6b6a117759c1,,r15_t31_w110_yp10.csv.gz
r15_t31_w140_ym10,15,31,140,-10,goal,41.140000000002594,8.009108227720272,2.3219061335435986,8.004999999999999,1.5,"[8.009108227720272, 0.08937835363821402, 2.285325054137428]",scenes/r15_t31_w140.xml,89b44a5dfa9d29ee7e5da4859fe3a3bb78021c49a904b79de76fce9b1b3d1876,5042017a558b98ab24a3784d1f960383ee42015d79b67b24b74f6b6a117759c1,,r15_t31_w140_ym10.csv.gz
r15_t31_w140_y0,15,31,140,0,goal,33.379999999998624,8.008241215917334,2.3281138958554672,8.004999999999999,1.5,"[8.008241215917334, 0.07042661579926973, 2.280434539458601]",scenes/r15_t31_w140.xml,89b44a5dfa9d29ee7e5da4859fe3a3bb78021c49a904b79de76fce9b1b3d1876,5042017a558b98ab24a3784d1f960383ee42015d79b67b24b74f6b6a117759c1,,r15_t31_w140_y0.csv.gz
r15_t31_w140_yp10,15,31,140,10,goal,31.159999999998085,8.005224809438937,2.337626571264284,8.004999999999999,1.5,"[8.005224809438937, 0.06190323053277961, 2.283902333632762]",scenes/r15_t31_w140.xml,89b44a5dfa9d29ee7e5da4859fe3a3bb78021c49a904b79de76fce9b1b3d1876,5042017a558b98ab24a3784d1f960383ee42015d79b67b24b74f6b6a117759c1,,r15_t31_w140_yp10.csv.gz
