course,hold,arm_observation,corridor_speed_mps,payload_kg,runs,goals,ci95_low,ci95_high,path_exit,stuck,fall,wrong_stop,time_limit,mean_goal_time_s
l1_corner,back,-,0.5,0.0,9,9,0.701,1.0,0,0,0,0,0,14.9
l1_corner,back,-,0.5,2.0,9,9,0.701,1.0,0,0,0,0,0,15.6
l1_corner,back,-,0.5,5.0,9,9,0.701,1.0,0,0,0,0,0,18.7
l1_corner,back,-,0.5,8.0,9,9,0.701,1.0,0,0,0,0,0,35.3
l1_corner,back,-,0.5,12.0,9,0,0.0,0.299,0,9,0,0,0,
l1_corner,back,-,0.5,15.0,9,0,0.0,0.299,9,0,0,0,0,
l1_corner,chest,-,0.5,0.0,9,9,0.701,1.0,0,0,0,0,0,14.9
l1_corner,chest,-,0.5,2.0,9,9,0.701,1.0,0,0,0,0,0,15.0
l1_corner,chest,-,0.5,5.0,9,9,0.701,1.0,0,0,0,0,0,14.4
l1_corner,chest,-,0.5,8.0,9,8,0.565,0.98,0,0,0,1,0,12.8
l1_corner,chest,-,0.5,12.0,9,9,0.701,1.0,0,0,0,0,0,11.6
l1_corner,chest,-,0.5,15.0,9,1,0.02,0.435,7,0,0,1,0,11.5
l1_corner,far,real,0.5,0.0,9,0,0.0,0.299,0,7,0,0,2,
l1_corner,far,real,0.5,1.0,9,0,0.0,0.299,0,8,0,0,1,
l1_corner,far,real,0.5,2.0,9,2,0.063,0.547,1,6,0,0,0,76.6
l1_corner,far,real,0.5,3.0,9,5,0.267,0.811,2,2,0,0,0,50.2
l1_corner,far,real,0.5,5.0,9,4,0.189,0.733,3,0,0,2,0,23.8
l1_corner,far,real,0.5,8.0,9,0,0.0,0.299,9,0,0,0,0,
l1_corner,far,virtual,0.5,0.0,9,6,0.354,0.879,0,0,0,3,0,13.5
l1_corner,far,virtual,0.5,1.0,9,4,0.189,0.733,2,0,0,3,0,12.0
l1_corner,far,virtual,0.5,2.0,9,0,0.0,0.299,9,0,0,0,0,
l1_corner,far,virtual,0.5,3.0,9,1,0.02,0.435,8,0,0,0,0,12.7
l1_corner,far,virtual,0.5,5.0,9,0,0.0,0.299,9,0,0,0,0,
l1_corner,far,virtual,0.5,8.0,9,0,0.0,0.299,9,0,0,0,0,
l1_corner,near,real,0.5,0.0,9,0,0.0,0.299,0,9,0,0,0,
l1_corner,near,real,0.5,1.0,9,0,0.0,0.299,0,0,0,0,9,
l1_corner,near,real,0.5,2.0,9,0,0.0,0.299,0,9,0,0,0,
l1_corner,near,real,0.5,3.0,9,0,0.0,0.299,0,9,0,0,0,
l1_corner,near,real,0.5,5.0,9,0,0.0,0.299,0,9,0,0,0,
l1_corner,near,real,0.5,8.0,9,0,0.0,0.299,0,9,0,0,0,
l1_corner,near,virtual,0.3,0.0,9,9,0.701,1.0,0,0,0,0,0,18.4
l1_corner,near,virtual,0.3,1.0,9,9,0.701,1.0,0,0,0,0,0,17.6
l1_corner,near,virtual,0.3,2.0,9,9,0.701,1.0,0,0,0,0,0,16.6
l1_corner,near,virtual,0.3,3.0,9,9,0.701,1.0,0,0,0,0,0,16.1
l1_corner,near,virtual,0.3,5.0,9,8,0.565,0.98,1,0,0,0,0,13.7
l1_corner,near,virtual,0.3,8.0,9,6,0.354,0.879,3,0,0,0,0,11.6
l1_corner,near,virtual,0.5,0.0,9,9,0.701,1.0,0,0,0,0,0,13.9
l1_corner,near,virtual,0.5,1.0,9,4,0.189,0.733,0,0,0,5,0,13.5
l1_corner,near,virtual,0.5,2.0,9,1,0.02,0.435,0,0,0,8,0,12.9
l1_corner,near,virtual,0.5,3.0,9,9,0.701,1.0,0,0,0,0,0,12.0
l1_corner,near,virtual,0.5,5.0,9,6,0.354,0.879,3,0,0,0,0,12.1
l1_corner,near,virtual,0.5,8.0,9,2,0.063,0.547,7,0,0,0,0,12.1
l2_corner_stairs,back,-,0.5,0.0,9,8,0.565,0.98,0,1,0,0,0,41.4
l2_corner_stairs,back,-,0.5,2.0,9,1,0.02,0.435,1,6,1,0,0,52.1
l2_corner_stairs,back,-,0.5,5.0,9,0,0.0,0.299,0,9,0,0,0,
l2_corner_stairs,back,-,0.5,8.0,9,0,0.0,0.299,0,9,0,0,0,
l2_corner_stairs,back,-,0.5,12.0,9,0,0.0,0.299,0,9,0,0,0,
l2_corner_stairs,back,-,0.5,15.0,9,0,0.0,0.299,9,0,0,0,0,
l2_corner_stairs,chest,-,0.5,0.0,9,6,0.354,0.879,2,1,0,0,0,38.8
l2_corner_stairs,chest,-,0.5,2.0,9,8,0.565,0.98,1,0,0,0,0,41.5
l2_corner_stairs,chest,-,0.5,5.0,9,6,0.354,0.879,2,0,1,0,0,40.3
l2_corner_stairs,chest,-,0.5,8.0,9,8,0.565,0.98,1,0,0,0,0,33.5
l2_corner_stairs,chest,-,0.5,12.0,9,0,0.0,0.299,8,0,1,0,0,
l2_corner_stairs,chest,-,0.5,15.0,9,0,0.0,0.299,9,0,0,0,0,
l2_corner_stairs,far,real,0.5,0.0,9,0,0.0,0.299,0,9,0,0,0,
l2_corner_stairs,far,real,0.5,1.0,9,0,0.0,0.299,0,9,0,0,0,
l2_corner_stairs,far,real,0.5,2.0,9,0,0.0,0.299,1,8,0,0,0,
l2_corner_stairs,far,real,0.5,3.0,9,0,0.0,0.299,0,9,0,0,0,
l2_corner_stairs,far,real,0.5,5.0,9,0,0.0,0.299,7,1,1,0,0,
l2_corner_stairs,far,real,0.5,8.0,9,0,0.0,0.299,9,0,0,0,0,
l2_corner_stairs,far,virtual,0.5,0.0,9,6,0.354,0.879,3,0,0,0,0,30.4
l2_corner_stairs,far,virtual,0.5,1.0,9,5,0.267,0.811,4,0,0,0,0,28.7
l2_corner_stairs,far,virtual,0.5,2.0,9,1,0.02,0.435,8,0,0,0,0,25.3
l2_corner_stairs,far,virtual,0.5,3.0,9,0,0.0,0.299,9,0,0,0,0,
l2_corner_stairs,far,virtual,0.5,5.0,9,0,0.0,0.299,9,0,0,0,0,
l2_corner_stairs,far,virtual,0.5,8.0,9,0,0.0,0.299,9,0,0,0,0,
l2_corner_stairs,near,real,0.5,0.0,9,0,0.0,0.299,0,9,0,0,0,
l2_corner_stairs,near,real,0.5,1.0,9,0,0.0,0.299,0,9,0,0,0,
l2_corner_stairs,near,real,0.5,2.0,9,0,0.0,0.299,0,9,0,0,0,
l2_corner_stairs,near,real,0.5,3.0,9,0,0.0,0.299,0,9,0,0,0,
l2_corner_stairs,near,real,0.5,5.0,9,0,0.0,0.299,0,9,0,0,0,
l2_corner_stairs,near,real,0.5,8.0,9,0,0.0,0.299,0,9,0,0,0,
l2_corner_stairs,near,virtual,0.3,0.0,9,8,0.565,0.98,1,0,0,0,0,36.8
l2_corner_stairs,near,virtual,0.3,1.0,9,8,0.565,0.98,1,0,0,0,0,32.9
l2_corner_stairs,near,virtual,0.3,2.0,9,9,0.701,1.0,0,0,0,0,0,33.1
l2_corner_stairs,near,virtual,0.3,3.0,9,6,0.354,0.879,3,0,0,0,0,32.0
l2_corner_stairs,near,virtual,0.3,5.0,9,1,0.02,0.435,8,0,0,0,0,30.2
l2_corner_stairs,near,virtual,0.3,8.0,9,0,0.0,0.299,9,0,0,0,0,
l2_corner_stairs,near,virtual,0.5,0.0,9,9,0.701,1.0,0,0,0,0,0,31.5
l2_corner_stairs,near,virtual,0.5,1.0,9,9,0.701,1.0,0,0,0,0,0,29.6
l2_corner_stairs,near,virtual,0.5,2.0,9,8,0.565,0.98,1,0,0,0,0,29.5
l2_corner_stairs,near,virtual,0.5,3.0,9,4,0.189,0.733,5,0,0,0,0,28.2
l2_corner_stairs,near,virtual,0.5,5.0,9,2,0.063,0.547,7,0,0,0,0,25.1
l2_corner_stairs,near,virtual,0.5,8.0,9,1,0.02,0.435,8,0,0,0,0,20.3
l4_factory_route,arms free,-,0.3,,25,14,0.371,0.733,9,2,0,0,0,97.1
l4_factory_route,back,-,0.5,0.0,25,21,0.653,0.936,4,0,0,0,0,80.2
l4_factory_route,back,-,0.5,2.0,25,2,0.022,0.25,5,18,0,0,0,96.0
l4_factory_route,back,-,0.5,5.0,25,0,0.0,0.133,0,25,0,0,0,
l4_factory_route,back,-,0.5,8.0,25,0,0.0,0.133,0,25,0,0,0,
l4_factory_route,back,-,0.5,12.0,25,0,0.0,0.133,0,25,0,0,0,
l4_factory_route,back,-,0.5,15.0,25,0,0.0,0.133,23,1,1,0,0,
l4_factory_route,chest,-,0.5,0.0,25,20,0.609,0.911,5,0,0,0,0,81.3
l4_factory_route,chest,-,0.5,2.0,25,15,0.407,0.766,10,0,0,0,0,74.9
l4_factory_route,chest,-,0.5,5.0,25,10,0.234,0.593,15,0,0,0,0,68.5
l4_factory_route,chest,-,0.5,8.0,25,6,0.115,0.434,19,0,0,0,0,58.0
l4_factory_route,chest,-,0.5,12.0,25,1,0.007,0.195,22,0,2,0,0,45.6
l4_factory_route,chest,-,0.5,15.0,25,0,0.0,0.133,23,0,2,0,0,
l4_factory_route,near,virtual,0.3,0.0,25,7,0.143,0.476,18,0,0,0,0,64.7
l4_factory_route,near,virtual,0.3,1.0,25,10,0.234,0.593,15,0,0,0,0,58.8
l4_factory_route,near,virtual,0.3,2.0,25,8,0.172,0.516,17,0,0,0,0,56.2
l4_factory_route,near,virtual,0.3,3.0,25,7,0.143,0.476,18,0,0,0,0,53.1
l4_factory_route,near,virtual,0.3,5.0,25,0,0.0,0.133,20,0,5,0,0,
l4_factory_route,near,virtual,0.5,0.0,25,13,0.335,0.7,11,0,1,0,0,58.7
l4_factory_route,near,virtual,0.5,1.0,25,8,0.172,0.516,15,0,1,1,0,56.6
l4_factory_route,near,virtual,0.5,2.0,25,4,0.064,0.347,21,0,0,0,0,55.1
l4_factory_route,near,virtual,0.5,3.0,25,4,0.064,0.347,21,0,0,0,0,49.4
l4_factory_route,near,virtual,0.5,5.0,25,0,0.0,0.133,24,0,1,0,0,
