family,level,odometry_fusion,sigma_xy_cm,sigma_yaw_deg,rate_hz,latency_ms,bias_cm,runs,goals,goal_rate,ci95_low,ci95_high,path_exit,fall,stuck,wrong_stop,mean_goal_time_s,mean_route_completion
ideal,0.0,False,0.0,0.0,50.0,0.0,0.0,25,22,0.88,0.7,0.958,3,0,0,0,81.5,0.97
position noise,2.0,False,2.0,0.0,50.0,0.0,0.0,25,24,0.96,0.805,0.993,1,0,0,0,79.2,0.989
position noise,5.0,False,5.0,0.0,50.0,0.0,0.0,25,17,0.68,0.484,0.828,5,1,2,0,78.1,0.777
position noise,10.0,False,10.0,0.0,50.0,0.0,0.0,25,19,0.76,0.566,0.885,5,0,1,0,75.8,0.867
position noise,15.0,False,15.0,0.0,50.0,0.0,0.0,25,12,0.48,0.3,0.665,6,1,1,5,78.0,0.791
position noise,20.0,False,20.0,0.0,50.0,0.0,0.0,25,6,0.24,0.115,0.434,9,1,7,2,74.6,0.561
position noise,30.0,False,30.0,0.0,50.0,0.0,0.0,25,0,0.0,0.0,0.133,12,9,4,0,,0.181
heading noise,2.0,False,0.0,2.0,50.0,0.0,0.0,25,18,0.72,0.524,0.857,5,2,0,0,83.3,0.873
heading noise,5.0,False,0.0,5.0,50.0,0.0,0.0,25,21,0.84,0.653,0.936,3,0,1,0,77.2,0.915
heading noise,10.0,False,0.0,10.0,50.0,0.0,0.0,25,19,0.76,0.566,0.885,6,0,0,0,81.0,0.92
heading noise,15.0,False,0.0,15.0,50.0,0.0,0.0,25,19,0.76,0.566,0.885,6,0,0,0,81.9,0.891
calibration bias,5.0,False,0.0,0.0,50.0,0.0,5.0,25,17,0.68,0.484,0.828,7,1,0,0,81.9,0.762
calibration bias,10.0,False,0.0,0.0,50.0,0.0,10.0,25,21,0.84,0.653,0.936,3,0,1,0,81.8,0.895
calibration bias,20.0,False,0.0,0.0,50.0,0.0,20.0,25,17,0.68,0.484,0.828,8,0,0,0,80.9,0.871
calibration bias,30.0,False,0.0,0.0,50.0,0.0,30.0,25,7,0.28,0.143,0.476,7,3,0,8,74.5,0.768
update rate,1.0,False,0.0,0.0,1.0,0.0,0.0,25,6,0.24,0.115,0.434,10,0,0,9,92.8,0.837
update rate,2.0,False,0.0,0.0,2.0,0.0,0.0,25,19,0.76,0.566,0.885,5,1,0,0,85.0,0.913
update rate,5.0,False,0.0,0.0,5.0,0.0,0.0,25,15,0.6,0.407,0.766,8,1,1,0,79.9,0.823
update rate,10.0,False,0.0,0.0,10.0,0.0,0.0,25,17,0.68,0.484,0.828,8,0,0,0,80.1,0.816
update rate,20.0,False,0.0,0.0,20.0,0.0,0.0,25,18,0.72,0.524,0.857,7,0,0,0,82.5,0.871
update rate,1.0,True,0.0,0.0,1.0,0.0,0.0,25,21,0.84,0.653,0.936,4,0,0,0,80.9,0.939
update rate,2.0,True,0.0,0.0,2.0,0.0,0.0,25,15,0.6,0.407,0.766,8,0,2,0,78.8,0.814
update rate,5.0,True,0.0,0.0,5.0,0.0,0.0,25,18,0.72,0.524,0.857,7,0,0,0,78.4,0.861
update rate,10.0,True,0.0,0.0,10.0,0.0,0.0,25,20,0.8,0.609,0.911,4,0,1,0,82.8,0.89
update rate,20.0,True,0.0,0.0,20.0,0.0,0.0,25,18,0.72,0.524,0.857,6,1,0,0,80.2,0.894
latency,100.0,False,0.0,0.0,50.0,100.0,0.0,25,21,0.84,0.653,0.936,4,0,0,0,84.6,0.891
latency,200.0,False,0.0,0.0,50.0,200.0,0.0,25,17,0.68,0.484,0.828,7,1,0,0,83.9,0.827
latency,300.0,False,0.0,0.0,50.0,300.0,0.0,25,16,0.64,0.445,0.798,9,0,0,0,88.5,0.88
latency,500.0,False,0.0,0.0,50.0,500.0,0.0,25,9,0.36,0.202,0.555,10,1,1,4,92.9,0.786
latency,1000.0,False,0.0,0.0,50.0,1000.0,0.0,25,0,0.0,0.0,0.133,11,1,2,11,,0.745
latency,100.0,True,0.0,0.0,50.0,100.0,0.0,25,12,0.48,0.3,0.665,9,0,4,0,80.2,0.703
latency,200.0,True,0.0,0.0,50.0,200.0,0.0,25,20,0.8,0.609,0.911,5,0,0,0,85.8,0.93
latency,300.0,True,0.0,0.0,50.0,300.0,0.0,25,15,0.6,0.407,0.766,10,0,0,0,82.7,0.828
latency,500.0,True,0.0,0.0,50.0,500.0,0.0,25,20,0.8,0.609,0.911,4,1,0,0,80.8,0.888
latency,1000.0,True,0.0,0.0,50.0,1000.0,0.0,25,19,0.76,0.566,0.885,5,0,1,0,81.5,0.835
preset,good,False,2.0,1.0,30.0,100.0,2.0,25,17,0.68,0.484,0.828,7,1,0,0,81.2,0.842
preset,typical,False,5.0,3.0,10.0,200.0,5.0,25,16,0.64,0.445,0.798,9,0,0,0,78.4,0.86
preset,poor,False,10.0,5.0,5.0,300.0,10.0,25,13,0.52,0.335,0.7,4,2,0,6,81.7,0.831
preset,good,True,2.0,1.0,30.0,100.0,2.0,25,15,0.6,0.407,0.766,7,1,2,0,79.6,0.801
preset,typical,True,5.0,3.0,10.0,200.0,5.0,25,22,0.88,0.7,0.958,3,0,0,0,80.8,0.923
preset,poor,True,10.0,5.0,5.0,300.0,10.0,25,15,0.6,0.407,0.766,8,0,2,0,79.3,0.797
