segment,trials,pass_rate,fell,off_track,timeout,mean_time_pass,fail_x_rel,fail_progress_rel,max_lateral_dev,stride_target,stride_mean,stride_err
A warm-up,10,1.0,0,0,0,12.708,nan,nan,0.049563664630663605,nan,nan,nan
B1 up 5deg,10,0.0,9,1,0,nan,-0.5640363747626951,0.10219316045479314,0.2448224502857032,nan,nan,nan
B2 up 10deg,10,0.0,8,2,0,nan,-0.11028243089253349,0.49692518817100667,0.3798287328405195,nan,nan,nan
B3 down 10deg,10,1.0,0,0,0,11.49,nan,nan,0.08303600617126823,nan,nan,nan
C1 step 5cm,10,0.0,7,3,0,nan,0.5101995518769454,0.6200020050113364,0.44640483792789676,nan,nan,nan
C2 step 10cm,10,0.1,6,3,0,9.98,0.3580107022534725,0.4847715099281548,0.3210971445412142,nan,nan,nan
C3 step 15cm,10,0.0,8,2,0,nan,0.4103709450084224,0.41457708370939256,0.3128344404235088,nan,nan,nan
F1 cross 5deg,10,0.7,1,2,0,13.888571428571428,2.0994787644877775,2.111295783850911,0.30160695218861483,nan,nan,nan
S person crossing,10,1.0,0,0,0,16.366000000000003,nan,nan,0.047596269083038795,nan,nan,nan
D1 up 3x10cm,10,0.0,9,1,0,nan,0.5006795780119544,0.5192834687615943,0.2977724184117757,nan,nan,nan
D2 up 2x15cm,10,0.1,9,0,0,10.08,0.2383274692869535,0.3313090486508482,0.2347342744247193,nan,nan,nan
E1 down 4x15cm,10,0.2,8,0,0,8.05,1.013719482230509,1.013719482230509,0.20347761311360396,nan,nan,nan
H1 stairs 15deg,10,0.0,8,2,0,nan,0.8078373697700144,0.8535369235084455,0.34164682808657676,nan,nan,nan
